{"type": "FeatureCollection", "features": [{"type": "Feature", "properties": {"name": "Andaman and Nicobar"}, "geometry": {"type": "MultiPolygon", "coordinates": [[[[93.848053, 7.24028], [93.882767, 7.203611], [93.887779, 7.08639], [93.947807, 6.998874], [93.913902, 7.0], [93.945503, 6.95583], [93.897224, 6.902156], [93.902138, 6.812967], [93.882568, 6.792778], [93.850906, 6.816051], [93.828316, 6.754256], [93.745277, 6.961945], [93.693886, 7.01514], [93.663033, 7.006646], [93.655563, 7.125281], [93.686111, 7.19], [93.802513, 7.201391], [93.806946, 7.233611], [93.848053, 7.24028]]], [[[92.515831, 10.897641], [92.587708, 10.786945], [92.596779, 10.678326], [92.539795, 10.610556], [92.569443, 10.57889], [92.513054, 10.511667], [92.434723, 10.548333], [92.385277, 10.532222], [92.420563, 10.61472], [92.38028, 10.6675], [92.376114, 10.781667], [92.397499, 10.760555], [92.456947, 10.861391], [92.499512, 10.890694], [92.510559, 10.86917], [92.515831, 10.897641]]], [[[92.700867, 12.235609], [92.703712, 12.16543], [92.7575, 12.176391], [92.735275, 12.065278], [92.783607, 12.04694], [92.761948, 12.020555], [92.739243, 12.040917], [92.768753, 11.99904], [92.728081, 11.994791], [92.724426, 11.850859], [92.680077, 11.81858], [92.718193, 11.824522], [92.746254, 11.931821], [92.784492, 11.936051], [92.788551, 11.901219], [92.755074, 11.701056], [92.701897, 11.70713], [92.708199, 11.670119], [92.666206, 11.653901], [92.694572, 11.622729], [92.721458, 11.68632], [92.756653, 11.665071], [92.711281, 11.477318], [92.646889, 11.522021], [92.64727, 11.572363], [92.617859, 11.56282], [92.608231, 11.619721], [92.644386, 11.63629], [92.608398, 11.634029], [92.588135, 11.717883], [92.561562, 11.69485], [92.546402, 11.834947], [92.513519, 11.848001], [92.562401, 11.946474], [92.611046, 11.87126], [92.623611, 12.102781], [92.661987, 12.215507], [92.655121, 12.18169], [92.700867, 12.235609]]], [[[92.776573, 12.310281], [92.866379, 12.305611], [92.889313, 12.265942], [92.858887, 12.245831], [92.880508, 12.195137], [92.846603, 12.19768], [92.850586, 12.157321], [92.822586, 12.165453], [92.8125, 12.106943], [92.764679, 12.06332], [92.739166, 12.09475], [92.769867, 12.236852], [92.742287, 12.24554], [92.776573, 12.310281]]], [[[92.898888, 12.915831], [92.921921, 12.91223], [92.905083, 12.884951], [92.954147, 12.807041], [92.934196, 12.773821], [92.980515, 12.709729], [92.968422, 12.496669], [92.932137, 12.480721], [92.957939, 12.46771], [92.915321, 12.443711], [92.914528, 12.405893], [92.834679, 12.494781], [92.899017, 12.415629], [92.796509, 12.43796], [92.7911, 12.469722], [92.895119, 12.320345], [92.720436, 12.30031], [92.707497, 12.596946], [92.684486, 12.608141], [92.753326, 12.670781], [92.785431, 12.619247], [92.788643, 12.67448], [92.77916, 12.7131], [92.768883, 12.672121], [92.732887, 12.674411], [92.723915, 12.827084], [92.737778, 12.81028], [92.760834, 12.859445], [92.782219, 12.807499], [92.791908, 12.889854], [92.873543, 12.881161], [92.898888, 12.915831]]], [[[93.029442, 13.573334], [93.021111, 13.431121], [93.070831, 13.40611], [93.02829, 13.373181], [93.055275, 13.382222], [93.090591, 13.335933], [93.065834, 13.303056], [93.041664, 13.367221], [92.986778, 13.329011], [92.969429, 13.36052], [92.950539, 13.343901], [93.009453, 13.320002], [93.012497, 13.276666], [93.066673, 13.2725], [93.034882, 13.080991], [93.003899, 13.028589], [92.965828, 13.035], [92.974617, 13.012861], [92.934776, 13.042802], [92.936676, 13.084713], [92.89431, 13.056531], [92.938522, 12.971276], [92.912682, 12.946451], [92.906937, 12.985028], [92.882301, 12.982724], [92.854439, 12.92743], [92.872932, 12.88323], [92.841713, 12.87663], [92.794197, 12.914382], [92.794136, 12.985611], [92.825066, 13.012708], [92.78833, 13.019172], [92.809998, 13.126929], [92.847496, 13.139159], [92.809723, 13.153055], [92.854439, 13.257221], [92.822502, 13.277222], [92.839439, 13.374721], [92.866943, 13.385561], [92.843063, 13.402222], [92.884163, 13.429722], [92.871666, 13.471391], [92.929443, 13.501667], [92.917503, 13.53639], [92.988892, 13.527777], [92.987778, 13.573061], [93.010117, 13.54196], [93.029442, 13.573334]]]]}}, {"type": "Feature", "properties": {"name": "Andhra Pradesh"}, "geometry": {"type": "MultiPolygon", "coordinates": [[[[82.299515, 16.714333], [82.293701, 16.74304], [82.220421, 16.718309], [82.217682, 16.75169], [82.174637, 16.725109], [82.258469, 16.689861], [82.292358, 16.608749], [82.259865, 16.586805], [82.299576, 16.59181], [82.267914, 16.564028], [82.30986, 16.56764], [81.94458, 16.39514], [81.720413, 16.310141], [81.54097, 16.359032], [81.365135, 16.359859], [81.345703, 16.33069], [81.37986, 16.359859], [81.392639, 16.342083], [81.230972, 16.23514], [81.145691, 15.97375], [81.004303, 15.84042], [81.012085, 15.770139], [80.966805, 15.731806], [80.822083, 15.712916], [80.780693, 15.78042], [80.813469, 15.739582], [80.80542, 15.84264], [80.686813, 15.882641], [80.430969, 15.8057], [80.270416, 15.673196], [80.200691, 15.465416], [80.079865, 15.315973], [80.08847, 15.21931], [80.078194, 15.189027], [80.045967, 15.209309], [80.081253, 15.185971], [80.04792, 15.07735], [80.088753, 14.811532], [80.059303, 14.81986], [80.093201, 14.810142], [80.199028, 14.587083], [80.122086, 14.114584], [80.244858, 13.819584], [80.236252, 13.63986], [80.31514, 13.433751], [80.147087, 13.724311], [80.138474, 13.612916], [80.106796, 13.70931], [80.10347, 13.65431], [80.050957, 13.588192], [80.115417, 13.507641], [80.262093, 13.47292], [80.268471, 13.417362], [80.312996, 13.427916], [80.312126, 13.369381], [80.230331, 13.47685], [80.1521, 13.47888], [80.069443, 13.537591], [80.007713, 13.532372], [79.990173, 13.510091], [80.036041, 13.48448], [79.961861, 13.45128], [79.925507, 13.33594], [79.721291, 13.27224], [79.784897, 13.22348], [79.744377, 13.194911], [79.722832, 13.221851], [79.688751, 13.20741], [79.668533, 13.281931], [79.580261, 13.245371], [79.535782, 13.31107], [79.428879, 13.323562], [79.374603, 13.30304], [79.425026, 13.281341], [79.410843, 13.212162], [79.445503, 13.216771], [79.42379, 13.187461], [79.347771, 13.163019], [79.354576, 13.129771], [79.307938, 13.096911], [79.26741, 13.141201], [79.218323, 13.135551], [79.152702, 13.007293], [79.069069, 13.014151], [78.979591, 13.07651], [78.914383, 13.067761], [78.893463, 13.035092], [78.924637, 13.018641], [78.88192, 13.019762], [78.876038, 13.08616], [78.702446, 13.056151], [78.693756, 13.004392], [78.651108, 13.017932], [78.613663, 12.97889], [78.646713, 12.91902], [78.545547, 12.743911], [78.547676, 12.685591], [78.484352, 12.734781], [78.509811, 12.69878], [78.457657, 12.66225], [78.454781, 12.61202], [78.36834, 12.61184], [78.264427, 12.69184], [78.18985, 12.68131], [78.228867, 12.720202], [78.241096, 12.847421], [78.303101, 12.8472], [78.345428, 12.928061], [78.378342, 12.895191], [78.435829, 12.90067], [78.454239, 12.853162], [78.422653, 12.9686], [78.457901, 12.963242], [78.451576, 13.031532], [78.504578, 13.052762], [78.527962, 13.09736], [78.508751, 13.11959], [78.569077, 13.156483], [78.540947, 13.187251], [78.577469, 13.26205], [78.555656, 13.29943], [78.520798, 13.255591], [78.471748, 13.30792], [78.366997, 13.32004], [78.397377, 13.332332], [78.355156, 13.355071], [78.390762, 13.5781], [78.227692, 13.587221], [78.183273, 13.55638], [78.193939, 13.616159], [78.155762, 13.64871], [78.080727, 13.635341], [78.058342, 13.66697], [78.105377, 13.684401], [78.084923, 13.733492], [78.118233, 13.7769], [78.106041, 13.853541], [78.041153, 13.886729], [78.037827, 13.85285], [77.985161, 13.86167], [77.94458, 13.819971], [77.978577, 13.947651], [77.911606, 13.897241], [77.886986, 13.931182], [77.818291, 13.934881], [77.827721, 13.86062], [77.71286, 13.79052], [77.708748, 13.732739], [77.649086, 13.77584], [77.610466, 13.75544], [77.628517, 13.729941], [77.556076, 13.71646], [77.519669, 13.74385], [77.521523, 13.68787], [77.487343, 13.706792], [77.449753, 13.675791], [77.457451, 13.79705], [77.408661, 13.799252], [77.42453, 13.83513], [77.250443, 13.839471], [77.233841, 13.894932], [77.178802, 13.85984], [77.177032, 13.9174], [77.162491, 13.85698], [77.123886, 13.84939], [77.162247, 13.820741], [77.16658, 13.754669], [77.060043, 13.738861], [77.026367, 13.771441], [76.992592, 13.742551], [76.968391, 13.81439], [77.035843, 13.925591], [76.931099, 14.022732], [76.975006, 14.06527], [76.926979, 14.12721], [76.883682, 14.131032], [76.891426, 14.158999], [76.941643, 14.189312], [77.019829, 14.172702], [77.023697, 14.053259], [77.121101, 14.04218], [77.147339, 13.991622], [77.313492, 14.02482], [77.353783, 13.982321], [77.348343, 13.896541], [77.397057, 13.880541], [77.430641, 13.96878], [77.375656, 13.969111], [77.383362, 14.007359], [77.326187, 14.02294], [77.395447, 14.103441], [77.344536, 14.096011], [77.347733, 14.124341], [77.409721, 14.16972], [77.500443, 14.150961], [77.499367, 14.26051], [77.385658, 14.32487], [77.415703, 14.211962], [77.383789, 14.191821], [77.359261, 14.26933], [77.279587, 14.27609], [77.281143, 14.331111], [77.231956, 14.31107], [77.152153, 14.337741], [77.10508, 14.213282], [76.937843, 14.240121], [76.950111, 14.294029], [76.879097, 14.34639], [76.883141, 14.390291], [76.941566, 14.399542], [76.973396, 14.478281], [76.870201, 14.46844], [76.76091, 14.596281], [76.798073, 14.734591], [76.78035, 14.779262], [76.84874, 14.804031], [76.865479, 14.9376], [76.864456, 14.96402], [76.763771, 14.96987], [76.770821, 15.058289], [76.796936, 15.09076], [76.876701, 15.028679], [77.046883, 15.029212], [77.041008, 15.005482], [77.078819, 15.00001], [77.154037, 15.120521], [77.13208, 15.142681], [77.158157, 15.19382], [77.120903, 15.221241], [77.164146, 15.25907], [77.109688, 15.327282], [77.061577, 15.32186], [77.027397, 15.435181], [76.97039, 15.490922], [77.026596, 15.49999], [77.029282, 15.633839], [77.120926, 15.637201], [77.043228, 15.734482], [77.063889, 15.82317], [77.02227, 15.83178], [77.065956, 15.899311], [77.248917, 15.957741], [77.509453, 15.92086], [77.483627, 16.15855], [77.511169, 16.21719], [77.487556, 16.249821], [77.590302, 16.286852], [77.591606, 16.337511], [77.494492, 16.37579], [77.342949, 16.379721], [77.235176, 16.468081], [77.366287, 16.48411], [77.415321, 16.51783], [77.391441, 16.565201], [77.464172, 16.584209], [77.469391, 16.646912], [77.416573, 16.662811], [77.465042, 16.678282], [77.466797, 16.711941], [77.423416, 16.714531], [77.437538, 16.783211], [77.471138, 16.779131], [77.4534, 16.909033], [77.49939, 17.00732], [77.462639, 17.104071], [77.359993, 17.161621], [77.398811, 17.208778], [77.380356, 17.21977], [77.454506, 17.27589], [77.434021, 17.28826], [77.451599, 17.370491], [77.528023, 17.37211], [77.510147, 17.427259], [77.610611, 17.444233], [77.652763, 17.50325], [77.648087, 17.481178], [77.686966, 17.49157], [77.591728, 17.532681], [77.589828, 17.562759], [77.52742, 17.573221], [77.501617, 17.54088], [77.439926, 17.58147], [77.450348, 17.691299], [77.562027, 17.74711], [77.51088, 17.801441], [77.596687, 17.870451], [77.585167, 17.90823], [77.616577, 17.902868], [77.623741, 17.95775], [77.653397, 17.969353], [77.545746, 18.053761], [77.597458, 18.08429], [77.564308, 18.20055], [77.60302, 18.278], [77.549957, 18.291349], [77.566917, 18.317949], [77.519501, 18.349253], [77.555206, 18.417852], [77.528481, 18.440481], [77.585213, 18.44545], [77.546196, 18.463383], [77.601067, 18.474211], [77.597267, 18.547541], [77.648811, 18.55262], [77.65757, 18.527201], [77.736511, 18.55481], [77.728111, 18.664209], [77.757629, 18.70709], [77.786438, 18.68412], [77.837463, 18.807461], [77.942551, 18.82229], [77.881577, 18.908531], [77.8405, 18.911301], [77.853729, 18.952278], [77.767357, 18.981421], [77.757393, 19.028551], [77.761688, 19.06204], [77.79718, 19.05131], [77.80265, 19.101961], [77.848137, 19.09008], [77.84655, 19.19698], [77.867386, 19.25526], [77.905708, 19.26722], [77.860878, 19.30213], [77.948921, 19.34128], [78.051132, 19.24176], [78.170059, 19.23633], [78.197151, 19.33173], [78.182167, 19.41177], [78.308891, 19.456409], [78.279106, 19.558201], [78.310989, 19.604179], [78.269722, 19.66313], [78.345276, 19.71357], [78.367737, 19.78108], [78.338997, 19.83918], [78.294128, 19.84955], [78.310196, 19.912741], [78.493919, 19.79315], [78.526268, 19.821659], [78.603653, 19.817501], [78.716446, 19.7668], [78.845627, 19.75835], [78.858803, 19.656311], [78.968956, 19.649233], [78.98053, 19.585081], [78.954552, 19.55183], [79.102867, 19.52795], [79.177788, 19.460691], [79.222939, 19.467791], [79.243866, 19.612553], [79.470421, 19.497452], [79.542656, 19.548523], [79.598053, 19.503771], [79.621391, 19.5651], [79.740326, 19.60314], [79.811096, 19.573841], [79.973053, 19.40102], [79.920166, 19.22641], [79.943207, 19.170601], [79.858047, 19.104111], [79.859589, 19.03463], [79.916107, 19.047359], [79.934486, 19.0217], [79.939003, 18.858892], [79.894012, 18.830839], [79.909096, 18.80669], [80.012352, 18.76676], [80.110817, 18.676189], [80.158081, 18.69594], [80.188957, 18.675581], [80.26754, 18.71797], [80.341843, 18.586441], [80.483467, 18.62812], [80.632683, 18.518841], [80.69101, 18.41935], [80.72654, 18.408991], [80.744621, 18.302181], [80.788116, 18.25404], [80.733269, 18.21879], [80.734558, 18.171713], [80.797928, 18.1663], [80.82959, 18.234119], [80.867493, 18.207258], [80.862022, 18.132669], [80.973679, 18.16815], [80.943993, 18.08102], [81.004349, 17.838348], [81.045227, 17.783991], [81.159569, 17.852631], [81.263367, 17.810463], [81.611153, 17.815363], [81.663063, 17.87693], [81.703171, 17.86113], [82.024658, 18.05788], [82.160347, 18.043598], [82.261078, 17.982401], [82.266953, 18.048271], [82.329773, 18.040411], [82.333366, 18.14238], [82.364296, 18.134859], [82.306099, 18.19566], [82.393013, 18.30644], [82.334442, 18.317133], [82.38443, 18.36911], [82.36129, 18.40991], [82.474007, 18.536833], [82.523132, 18.503929], [82.530151, 18.434311], [82.553772, 18.437651], [82.535156, 18.389561], [82.60051, 18.36871], [82.580742, 18.2701], [82.626877, 18.228741], [82.658836, 18.28661], [82.767052, 18.331079], [82.799171, 18.439402], [82.884613, 18.41276], [82.902748, 18.355911], [83.053391, 18.375299], [83.05983, 18.428633], [83.015411, 18.444429], [83.089333, 18.53791], [83.032478, 18.54789], [83.053947, 18.58647], [83.008041, 18.588421], [83.009682, 18.63653], [83.132957, 18.772449], [83.205063, 18.71586], [83.219391, 18.76582], [83.266098, 18.75701], [83.279503, 18.7896], [83.396301, 18.830709], [83.411339, 18.859341], [83.346611, 18.92687], [83.380226, 18.923283], [83.345757, 18.9571], [83.32901, 18.916908], [83.305267, 18.989681], [83.408852, 18.996191], [83.455482, 18.94558], [83.448517, 18.999632], [83.477966, 19.021191], [83.459396, 19.069672], [83.505386, 19.064772], [83.495399, 19.011091], [83.531387, 19.005421], [83.546432, 19.07383], [83.578766, 19.049789], [83.623283, 19.153631], [83.723251, 19.0119], [83.705742, 18.985241], [83.745827, 18.918173], [83.780067, 18.907721], [83.739563, 18.978441], [83.788307, 19.007811], [83.870178, 18.81843], [84.027061, 18.8022], [84.081779, 18.74464], [84.216713, 18.787281], [84.312492, 18.77919], [84.344101, 18.811941], [84.336021, 18.866711], [84.362411, 18.851061], [84.351448, 18.8832], [84.387627, 18.877668], [84.365318, 18.896259], [84.42939, 18.913683], [84.415131, 19.013861], [84.471657, 18.98122], [84.566139, 19.065039], [84.590118, 19.01338], [84.612717, 19.054831], [84.664589, 19.066292], [84.591843, 19.12384], [84.705223, 19.14901], [84.697548, 19.108818], [84.761017, 19.071312], [84.746246, 19.048471], [84.582642, 18.876251], [84.553467, 18.791809], [84.356247, 18.556805], [84.125687, 18.35153], [84.12458, 18.309305], [83.572639, 18.018194], [83.529587, 17.949306], [83.457359, 17.920694], [83.344307, 17.724861], [83.306526, 17.68819], [83.263474, 17.710972], [83.295418, 17.675138], [83.21347, 17.590973], [82.607635, 17.296249], [82.368462, 17.11875], [82.249031, 16.93042], [82.311806, 16.840139], [82.354309, 16.851528], [82.359306, 16.944311], [82.324303, 16.98875], [82.357918, 16.963753], [82.342918, 16.737917], [82.299515, 16.714333]]]]}}, {"type": "Feature", "properties": {"name": "Arunachal Pradesh"}, "geometry": {"type": "MultiPolygon", "coordinates": [[[[96.157776, 29.383101], [96.243568, 29.235123], [96.363152, 29.285631], [96.392807, 29.2565], [96.346359, 29.17103], [96.260201, 29.16016], [96.185623, 29.09462], [96.114502, 29.077602], [96.184853, 28.988119], [96.145248, 28.937489], [96.166527, 28.90593], [96.346703, 29.032269], [96.5252, 29.079281], [96.477402, 28.99404], [96.487526, 28.96534], [96.518829, 28.970989], [96.537453, 28.884121], [96.615997, 28.77858], [96.585938, 28.721588], [96.47274, 28.68821], [96.494057, 28.638191], [96.325676, 28.53401], [96.372963, 28.48704], [96.263771, 28.41338], [96.370941, 28.3943], [96.399406, 28.3445], [96.458267, 28.419222], [96.664566, 28.465771], [96.751053, 28.421713], [96.774376, 28.374071], [96.898666, 28.3859], [96.996498, 28.316231], [97.092567, 28.369692], [97.17392, 28.299061], [97.282066, 28.27626], [97.400566, 28.2005], [97.330803, 28.162971], [97.307747, 28.077101], [97.37352, 28.070238], [97.415161, 28.02408], [97.378067, 27.986151], [97.389023, 27.896379], [97.321167, 27.889511], [97.308708, 27.92996], [97.256477, 27.909531], [97.102463, 27.793421], [97.09642, 27.749929], [97.028572, 27.749121], [96.978302, 27.671873], [96.897583, 27.620802], [96.937683, 27.53006], [96.91185, 27.462709], [97.167206, 27.155479], [97.146431, 27.10284], [96.866226, 27.19969], [96.888779, 27.263599], [96.802361, 27.354431], [96.620483, 27.37282], [96.522331, 27.29397], [96.310837, 27.30204], [96.099022, 27.231409], [96.03643, 27.196051], [95.945969, 27.05971], [95.807938, 27.020451], [95.730812, 26.887491], [95.673363, 26.910221], [95.611519, 26.821213], [95.532776, 26.831209], [95.423309, 26.696712], [95.302582, 26.656021], [95.237633, 26.686291], [95.216141, 26.735319], [95.244919, 26.787331], [95.184502, 26.86483], [95.233856, 26.890841], [95.195518, 27.04295], [95.24823, 27.030252], [95.348602, 27.104761], [95.457787, 27.135641], [95.459709, 27.21343], [95.516182, 27.268631], [95.590088, 27.229521], [95.80629, 27.29174], [95.893967, 27.263012], [96.020912, 27.37126], [95.977783, 27.435499], [95.916847, 27.443159], [95.893059, 27.40604], [95.888657, 27.444071], [95.849342, 27.430321], [95.881332, 27.55323], [95.787117, 27.623409], [95.796471, 27.688061], [95.758217, 27.73111], [95.977463, 27.9685], [95.606743, 27.957769], [95.515953, 27.881788], [95.384338, 27.842022], [95.316559, 27.87113], [94.860863, 27.739479], [94.839386, 27.703541], [94.45974, 27.557711], [94.431038, 27.603081], [94.367493, 27.57675], [94.276031, 27.593349], [94.252228, 27.64093], [94.211113, 27.610842], [94.259727, 27.523491], [94.157211, 27.478048], [93.808586, 27.151751], [93.835022, 27.074991], [93.7724, 27.062302], [93.675781, 26.971071], [93.489357, 26.93853], [93.347939, 26.963242], [93.019371, 26.91683], [92.872437, 27.0077], [92.658928, 27.038521], [92.645462, 26.98745], [92.585213, 26.961863], [92.107887, 26.89382], [92.103287, 27.00775], [92.033745, 27.064816], [92.023376, 27.162334], [92.069649, 27.22364], [92.039597, 27.266672], [92.120613, 27.287571], [92.058792, 27.3272], [92.018761, 27.479746], [91.773811, 27.464516], [91.690086, 27.50275], [91.653236, 27.482981], [91.562004, 27.584209], [91.557739, 27.633467], [91.640022, 27.757992], [91.552521, 27.858572], [91.669327, 27.85671], [91.746277, 27.80335], [91.824211, 27.81035], [91.860527, 27.736933], [91.918762, 27.715101], [91.983856, 27.769991], [92.055397, 27.75913], [92.210396, 27.85899], [92.264023, 27.857931], [92.315956, 27.77824], [92.40686, 27.822088], [92.454933, 27.803263], [92.501328, 27.841501], [92.560692, 27.821041], [92.739487, 27.98941], [92.662933, 28.062771], [92.686989, 28.125799], [92.799637, 28.20223], [92.826469, 28.172035], [92.895256, 28.204611], [92.964523, 28.26181], [93.000359, 28.230791], [93.033783, 28.26313], [93.023666, 28.3032], [93.218979, 28.333731], [93.231522, 28.400711], [93.182663, 28.439991], [93.275917, 28.504829], [93.336906, 28.64016], [93.445671, 28.676041], [93.474197, 28.65365], [93.491119, 28.683962], [93.533836, 28.65885], [93.731567, 28.68928], [93.775177, 28.668518], [93.84404, 28.70739], [93.926132, 28.671801], [94.001427, 28.775539], [93.994911, 28.84137], [94.155136, 28.954762], [94.214691, 29.084089], [94.287727, 29.148149], [94.356926, 29.15259], [94.431183, 29.226822], [94.557899, 29.22891], [94.628159, 29.348591], [94.777382, 29.241119], [94.797989, 29.16461], [94.871803, 29.18429], [95.022797, 29.130621], [94.997498, 29.173012], [95.121758, 29.116251], [95.250763, 29.10988], [95.266556, 29.05765], [95.410133, 29.034121], [95.482986, 29.071131], [95.49633, 29.14031], [95.546806, 29.128651], [95.53772, 29.214001], [95.5858, 29.217993], [95.598732, 29.261862], [95.638023, 29.24984], [95.777626, 29.3564], [95.796486, 29.33633], [95.880852, 29.391491], [95.957108, 29.382668], [96.080536, 29.463345], [96.157776, 29.383101]]]]}}, {"type": "Feature", "properties": {"name": "Assam"}, "geometry": {"type": "MultiPolygon", "coordinates": [[[[95.952316, 27.941841], [95.758713, 27.726681], [95.796471, 27.688061], [95.798027, 27.60783], [95.881332, 27.55323], [95.849342, 27.430321], [95.888657, 27.444071], [95.893059, 27.40604], [95.916847, 27.443159], [95.977783, 27.435499], [96.018356, 27.367901], [95.893967, 27.263012], [95.80629, 27.29174], [95.590088, 27.229521], [95.510887, 27.26627], [95.459709, 27.21343], [95.457787, 27.135641], [95.348602, 27.104761], [95.24823, 27.030252], [95.198456, 27.04443], [95.021347, 26.9254], [94.89447, 26.93733], [94.756371, 26.772268], [94.467941, 26.669821], [94.462502, 26.63546], [94.407867, 26.61433], [94.399452, 26.53232], [94.316513, 26.462931], [94.276741, 26.55884], [94.186546, 26.46051], [94.175507, 26.344219], [94.108047, 26.326401], [94.004807, 26.173271], [93.954887, 26.00733], [93.979393, 25.91968], [93.795761, 25.81435], [93.773018, 25.966021], [93.687683, 25.909441], [93.705482, 25.848631], [93.57325, 25.760799], [93.499916, 25.656521], [93.331741, 25.54681], [93.39592, 25.464121], [93.461868, 25.434698], [93.474022, 25.30928], [93.388718, 25.24592], [93.335777, 25.09584], [93.24884, 25.018801], [93.262413, 24.95137], [93.197357, 24.81126], [93.152946, 24.78978], [93.109787, 24.80974], [93.075867, 24.71039], [93.104706, 24.675343], [93.075417, 24.59623], [93.106979, 24.583561], [93.061119, 24.574833], [93.039169, 24.411131], [92.911537, 24.412901], [92.828987, 24.377769], [92.765198, 24.520849], [92.690666, 24.354801], [92.624283, 24.332651], [92.611588, 24.253349], [92.550636, 24.245899], [92.529663, 24.174801], [92.466827, 24.13504], [92.418976, 24.194361], [92.422379, 24.253111], [92.212852, 24.24931], [92.27224, 24.377569], [92.231087, 24.460381], [92.233833, 24.56179], [92.298271, 24.736551], [92.240517, 24.899191], [92.298378, 24.92005], [92.391472, 24.849941], [92.491798, 24.874022], [92.489273, 24.954359], [92.456413, 24.946239], [92.471031, 24.9641], [92.423637, 24.996099], [92.484299, 25.108061], [92.542946, 25.0996], [92.524666, 25.14003], [92.624702, 25.11869], [92.666908, 25.177061], [92.80442, 25.21933], [92.764648, 25.24935], [92.78437, 25.332539], [92.654282, 25.435341], [92.609093, 25.416571], [92.59816, 25.471651], [92.567413, 25.46747], [92.644699, 25.537441], [92.653458, 25.59218], [92.572502, 25.560421], [92.557617, 25.611988], [92.501709, 25.622931], [92.432137, 25.69101], [92.433167, 25.731453], [92.385101, 25.753563], [92.160698, 25.67186], [92.153107, 25.81275], [92.225479, 25.907049], [92.163696, 25.911791], [92.156319, 25.944799], [92.297318, 26.079149], [91.991066, 26.041033], [91.922096, 25.999531], [91.870163, 26.052191], [91.875786, 26.097731], [91.819313, 26.11874], [91.731262, 26.05921], [91.720177, 25.954071], [91.669312, 25.90539], [91.611153, 25.93992], [91.632156, 26.022409], [91.575836, 26.03311], [91.501633, 25.920761], [91.531326, 25.923712], [91.474762, 25.871231], [91.525406, 25.87289], [91.333557, 25.83884], [91.275627, 25.746941], [91.223877, 25.723419], [91.191986, 25.729582], [91.179932, 25.77632], [91.19648, 25.859011], [91.000786, 25.82225], [91.029221, 25.888048], [90.967453, 25.88718], [90.942749, 25.947571], [90.919113, 25.913311], [90.88298, 25.95175], [90.809891, 25.95216], [90.778061, 25.908291], [90.74054, 25.915211], [90.747437, 25.957321], [90.686043, 25.950809], [90.624809, 25.898899], [90.629013, 25.937429], [90.582458, 25.959791], [90.512543, 25.89624], [90.534462, 25.958021], [90.477287, 26.015261], [90.428627, 25.98904], [90.36499, 26.010321], [90.324341, 25.97438], [90.18251, 25.94445], [90.118652, 25.96126], [90.004738, 25.878681], [90.008316, 25.84683], [89.94458, 25.824478], [89.955246, 25.77446], [89.892616, 25.735001], [90.017296, 25.602192], [89.870102, 25.544222], [89.885208, 25.629829], [89.814529, 25.81698], [89.890358, 25.940229], [89.828201, 25.94356], [89.875397, 25.97611], [89.839577, 26.01046], [89.82296, 25.984909], [89.813072, 26.041971], [89.791557, 26.017651], [89.789261, 26.102713], [89.694839, 26.189072], [89.732033, 26.21229], [89.697227, 26.21723], [89.728767, 26.238201], [89.704811, 26.269901], [89.737457, 26.271101], [89.717827, 26.3057], [89.758659, 26.28933], [89.782013, 26.353279], [89.857292, 26.38446], [89.827278, 26.396473], [89.869499, 26.44842], [89.862389, 26.737003], [90.127838, 26.749043], [90.188721, 26.770573], [90.214821, 26.853701], [90.301506, 26.84823], [90.409706, 26.90192], [90.559937, 26.801018], [90.699867, 26.768015], [91.053978, 26.779472], [91.096596, 26.819803], [91.336319, 26.779652], [91.408348, 26.835562], [91.492767, 26.789764], [91.623802, 26.821323], [91.687248, 26.805094], [91.801971, 26.85206], [91.85778, 26.914028], [92.055191, 26.848053], [92.107887, 26.89382], [92.585213, 26.961863], [92.645462, 26.98745], [92.658928, 27.038521], [92.872437, 27.0077], [93.019371, 26.91683], [93.347939, 26.963242], [93.489357, 26.93853], [93.655113, 26.966478], [93.7724, 27.062302], [93.835022, 27.074991], [93.808586, 27.151751], [94.157211, 27.478048], [94.259056, 27.5226], [94.211113, 27.610842], [94.252228, 27.64093], [94.276031, 27.593349], [94.367493, 27.57675], [94.431038, 27.603081], [94.45974, 27.557711], [94.839386, 27.703541], [94.860863, 27.739479], [95.316559, 27.87113], [95.384338, 27.842022], [95.515953, 27.881788], [95.606743, 27.957769], [95.977463, 27.9685], [95.952316, 27.941841]]]]}}, {"type": "Feature", "properties": {"name": "Bihar"}, "geometry": {"type": "MultiPolygon", "coordinates": [[[[84.11972, 27.513521], [84.153015, 27.516615], [84.150993, 27.485704], [84.207916, 27.469416], [84.21064, 27.442333], [84.256248, 27.4519], [84.295891, 27.384172], [84.622017, 27.338207], [84.693062, 27.214802], [84.644852, 27.047197], [84.795723, 26.995569], [84.831886, 27.019304], [84.893646, 26.969595], [84.964485, 26.960276], [84.969826, 26.916033], [85.062416, 26.886705], [85.024445, 26.855433], [85.197708, 26.866594], [85.179115, 26.811914], [85.212288, 26.758703], [85.336319, 26.741415], [85.636688, 26.871902], [85.736717, 26.795616], [85.734619, 26.654316], [85.853317, 26.609516], [85.852119, 26.568415], [86.030739, 26.666422], [86.219612, 26.58811], [86.33004, 26.619154], [86.54422, 26.538115], [86.572777, 26.496895], [86.733521, 26.422045], [86.7677, 26.458458], [86.8358, 26.438698], [86.896416, 26.461716], [86.935097, 26.516493], [87.017715, 26.531815], [87.07428, 26.585466], [87.093918, 26.450016], [87.165016, 26.403816], [87.258705, 26.41086], [87.268387, 26.373611], [87.343414, 26.347515], [87.371292, 26.407755], [87.469093, 26.440065], [87.608414, 26.380602], [87.680237, 26.435095], [87.76886, 26.412096], [87.792213, 26.468916], [87.851219, 26.436214], [87.890633, 26.48642], [87.929306, 26.417948], [88.032555, 26.364632], [88.097404, 26.437443], [88.106148, 26.535624], [88.145393, 26.510971], [88.231201, 26.551983], [88.179039, 26.49058], [88.267906, 26.421753], [88.229248, 26.389851], [88.273979, 26.377281], [88.279556, 26.335531], [88.013069, 26.140871], [87.964058, 26.151979], [87.972191, 26.08485], [87.931129, 26.068951], [87.912933, 26.090973], [87.842117, 26.044481], [87.829933, 25.935452], [87.803581, 25.920721], [87.822838, 25.871468], [87.910912, 25.851749], [87.8834, 25.828609], [87.910507, 25.81481], [87.898468, 25.76976], [88.04863, 25.690571], [88.054298, 25.63286], [88.021027, 25.586922], [88.070412, 25.480501], [87.926048, 25.536213], [87.879219, 25.51597], [87.863472, 25.465389], [87.781326, 25.444651], [87.759102, 25.405041], [87.783981, 25.33243], [87.855011, 25.28953], [87.822777, 25.234341], [87.836647, 25.199261], [87.58007, 25.348391], [87.539749, 25.281618], [87.481506, 25.295172], [87.47216, 25.19467], [87.323456, 25.223091], [87.291107, 25.08927], [87.211357, 25.0896], [87.146767, 25.024311], [87.158119, 24.885632], [87.078568, 24.82225], [87.096672, 24.801493], [87.050468, 24.60677], [86.930092, 24.64282], [86.898079, 24.58654], [86.911179, 24.538679], [86.800293, 24.564602], [86.777122, 24.619761], [86.668396, 24.56064], [86.602921, 24.605068], [86.505722, 24.5177], [86.452209, 24.368629], [86.279137, 24.462002], [86.322861, 24.584091], [86.133293, 24.60354], [86.124443, 24.70516], [86.086578, 24.746321], [86.03907, 24.74132], [86.050583, 24.779541], [85.950302, 24.732119], [85.877777, 24.800291], [85.73674, 24.822651], [85.696663, 24.713472], [85.649529, 24.68704], [85.664703, 24.58193], [85.576576, 24.60301], [85.518303, 24.524549], [85.486481, 24.550751], [85.282516, 24.52669], [85.281967, 24.4972], [85.150673, 24.46287], [85.16938, 24.42947], [85.089417, 24.3792], [85.065483, 24.386761], [85.076157, 24.439871], [84.990402, 24.41223], [84.968567, 24.37595], [84.898033, 24.372129], [84.880173, 24.462801], [84.834396, 24.45252], [84.832626, 24.51148], [84.795326, 24.529491], [84.678917, 24.456343], [84.658257, 24.393742], [84.572479, 24.41234], [84.521523, 24.376261], [84.493538, 24.287041], [84.293213, 24.450823], [84.326347, 24.50272], [84.292976, 24.56599], [84.257141, 24.53075], [84.188301, 24.555321], [84.17926, 24.51042], [84.146057, 24.5403], [84.109779, 24.4814], [84.046738, 24.612289], [83.99221, 24.638033], [83.933006, 24.551743], [83.868042, 24.532881], [83.71669, 24.50495], [83.498169, 24.52706], [83.541412, 24.626181], [83.49752, 24.651661], [83.513702, 24.68115], [83.479843, 24.737831], [83.386803, 24.78422], [83.343872, 25.010483], [83.318176, 25.017321], [83.357361, 25.124191], [83.349609, 25.19894], [83.539467, 25.31765], [83.622383, 25.329521], [83.69458, 25.396099], [83.761932, 25.387911], [83.838371, 25.43689], [83.810226, 25.465919], [83.85112, 25.473721], [83.917053, 25.558491], [84.076508, 25.637531], [84.094391, 25.720381], [84.148232, 25.730961], [84.202911, 25.66964], [84.285576, 25.66153], [84.318588, 25.67194], [84.331291, 25.744572], [84.380013, 25.74869], [84.401878, 25.699501], [84.448776, 25.714491], [84.488388, 25.677851], [84.52459, 25.684351], [84.535866, 25.72649], [84.55233, 25.684031], [84.555626, 25.736408], [84.6306, 25.72834], [84.600533, 25.76063], [84.620216, 25.79409], [84.526978, 25.83433], [84.528641, 25.877741], [84.423317, 25.892422], [84.351387, 25.959341], [84.296333, 25.946989], [84.201813, 26.000561], [84.166229, 25.991501], [84.116051, 26.074881], [84.049057, 26.099701], [84.005516, 26.23407], [84.079369, 26.22121], [84.112953, 26.261921], [84.157303, 26.244131], [84.171356, 26.37398], [84.072006, 26.38447], [84.010986, 26.44846], [83.902283, 26.450251], [83.902206, 26.51808], [84.04776, 26.543489], [84.081779, 26.64286], [84.272217, 26.599361], [84.414398, 26.627171], [84.402237, 26.671223], [84.325661, 26.684258], [84.298027, 26.753271], [84.233986, 26.739531], [84.241096, 26.862431], [84.168922, 26.834518], [84.131653, 26.85569], [84.140839, 26.887581], [84.052002, 26.891701], [84.024902, 26.94272], [84.040817, 27.04468], [83.990761, 27.06859], [84.020721, 27.095482], [83.939423, 27.092993], [83.985123, 27.181763], [83.897957, 27.25943], [83.923599, 27.316431], [83.828957, 27.32276], [83.905518, 27.376215], [83.870247, 27.428507], [84.029419, 27.43363], [84.11972, 27.513521]]]]}}, {"type": "Feature", "properties": {"name": "Chhattisgarh"}, "geometry": {"type": "MultiPolygon", "coordinates": [[[[83.327599, 24.099649], [83.425369, 24.083761], [83.447586, 24.04248], [83.506706, 24.02824], [83.542847, 23.898241], [83.576157, 23.88438], [83.561211, 23.862951], [83.695389, 23.820669], [83.729401, 23.75473], [83.714729, 23.682541], [83.774887, 23.599501], [83.935257, 23.56304], [83.937889, 23.622431], [84.007027, 23.632311], [84.022667, 23.544241], [83.969528, 23.455408], [83.965828, 23.38121], [84.006531, 23.3528], [84.043388, 23.37401], [84.070251, 23.32999], [84.033676, 23.138441], [84.129379, 23.081541], [84.148003, 22.963869], [84.189926, 23.02372], [84.217056, 22.976473], [84.370537, 22.975071], [84.376923, 22.875891], [84.32946, 22.85955], [84.285286, 22.763371], [84.225357, 22.735161], [84.220612, 22.668911], [84.080391, 22.636551], [84.005051, 22.569563], [83.976097, 22.502211], [84.041557, 22.464109], [84.004211, 22.367661], [83.861008, 22.343781], [83.7528, 22.242861], [83.693001, 22.245501], [83.61927, 22.19636], [83.557266, 22.099979], [83.600319, 22.06551], [83.532448, 22.034048], [83.535172, 21.963501], [83.600479, 21.910841], [83.584473, 21.843601], [83.531242, 21.8319], [83.536568, 21.79393], [83.490913, 21.814541], [83.467178, 21.78274], [83.484131, 21.741552], [83.419746, 21.67502], [83.484543, 21.625563], [83.452759, 21.60519], [83.441231, 21.649273], [83.380722, 21.612751], [83.334633, 21.49555], [83.402657, 21.348431], [83.27002, 21.375038], [83.274559, 21.285671], [83.218353, 21.26012], [83.190102, 21.135529], [83.119843, 21.101061], [82.95607, 21.175489], [82.788849, 21.139273], [82.635941, 21.14945], [82.622307, 21.03657], [82.485672, 20.903511], [82.459053, 20.823841], [82.346619, 20.883848], [82.335129, 20.758518], [82.368233, 20.62406], [82.324013, 20.553881], [82.429169, 20.425753], [82.393776, 20.335522], [82.42923, 20.282963], [82.378929, 20.14463], [82.390862, 20.059589], [82.598366, 19.98564], [82.707489, 19.990219], [82.711006, 19.84856], [82.58506, 19.771049], [82.590767, 19.866219], [82.439491, 19.90292], [82.339447, 19.829962], [82.230629, 19.998081], [82.178467, 19.978083], [82.057899, 20.04987], [82.024406, 20.01004], [81.941353, 20.102251], [81.873756, 20.046181], [81.849632, 19.908051], [81.960373, 19.854738], [81.980148, 19.79578], [82.05983, 19.783098], [82.022392, 19.501802], [82.092079, 19.50984], [82.119308, 19.423901], [82.18306, 19.41761], [82.140831, 19.361919], [82.183167, 19.3197], [82.151726, 19.265463], [82.178787, 19.158859], [82.159782, 19.12648], [82.212112, 19.090549], [82.194092, 19.060221], [82.239563, 18.91046], [82.172729, 18.895288], [82.161148, 18.79096], [82.081413, 18.755871], [82.078583, 18.712082], [81.967682, 18.690613], [81.947441, 18.62882], [81.885376, 18.65033], [81.954529, 18.58671], [81.946907, 18.559151], [81.9086, 18.564228], [81.857941, 18.51306], [81.7621, 18.41131], [81.744911, 18.34535], [81.658096, 18.339291], [81.658669, 18.311098], [81.527962, 18.259081], [81.47731, 17.97002], [81.437256, 17.875938], [81.393829, 17.885139], [81.384132, 17.80349], [81.159569, 17.852631], [81.037651, 17.78624], [80.943993, 18.08102], [80.973679, 18.16815], [80.862022, 18.132669], [80.867493, 18.207258], [80.82959, 18.234119], [80.797928, 18.1663], [80.734558, 18.171713], [80.733269, 18.21879], [80.788277, 18.249781], [80.744621, 18.302181], [80.72654, 18.408991], [80.488388, 18.62672], [80.338791, 18.588209], [80.239563, 18.752211], [80.347786, 18.815941], [80.267639, 18.928789], [80.267723, 18.987329], [80.322113, 19.074871], [80.324852, 19.141533], [80.386673, 19.18902], [80.383347, 19.23914], [80.567818, 19.400921], [80.610153, 19.30714], [80.67189, 19.326448], [80.688606, 19.283489], [80.749237, 19.286741], [80.845009, 19.36091], [80.787933, 19.426701], [80.892067, 19.465681], [80.827606, 19.562672], [80.656853, 19.612261], [80.66584, 19.692211], [80.539673, 19.774599], [80.542427, 19.819271], [80.469162, 19.824661], [80.478088, 19.772409], [80.394707, 19.794579], [80.49752, 19.86875], [80.482651, 19.898899], [80.407677, 19.905903], [80.406296, 19.932501], [80.443703, 19.952671], [80.520378, 19.93088], [80.546158, 20.06571], [80.498032, 20.13892], [80.393837, 20.14402], [80.413986, 20.190231], [80.382957, 20.24172], [80.510826, 20.269611], [80.617767, 20.333681], [80.586021, 20.395611], [80.622322, 20.603863], [80.511902, 20.585119], [80.481598, 20.6171], [80.580116, 20.683641], [80.545532, 20.765369], [80.54184, 20.93392], [80.459091, 20.92815], [80.423759, 21.00959], [80.455269, 21.169081], [80.603447, 21.227423], [80.672951, 21.298288], [80.656532, 21.330772], [80.730217, 21.472052], [80.718529, 21.711861], [80.742973, 21.757961], [80.811203, 21.747492], [80.841171, 21.856453], [80.818443, 21.956791], [80.845772, 21.960899], [80.90609, 22.114441], [80.950523, 22.11301], [80.978851, 22.048311], [81.004272, 22.070021], [80.971756, 22.121481], [81.015793, 22.13271], [81.019447, 22.229191], [81.084679, 22.24675], [81.113846, 22.29438], [81.109993, 22.44112], [81.180046, 22.49015], [81.218391, 22.451651], [81.275467, 22.499441], [81.303963, 22.48175], [81.322937, 22.52433], [81.378738, 22.505301], [81.396553, 22.44132], [81.519066, 22.539982], [81.615791, 22.539021], [81.656548, 22.632002], [81.722946, 22.67621], [81.74054, 22.648069], [81.762726, 22.663589], [81.769402, 22.873508], [81.856346, 22.89086], [81.940247, 22.95709], [81.918427, 23.040979], [81.938103, 23.07781], [82.115883, 23.1038], [82.151077, 23.141741], [82.142487, 23.227701], [82.18586, 23.32539], [82.110901, 23.355841], [82.09848, 23.397701], [82.045738, 23.377871], [82.014519, 23.387918], [82.015976, 23.42351], [81.97612, 23.413111], [81.916359, 23.532091], [81.827179, 23.51129], [81.736031, 23.56743], [81.628227, 23.49037], [81.607048, 23.506889], [81.569733, 23.58865], [81.687286, 23.72135], [81.598442, 23.85368], [81.610512, 23.906973], [81.661598, 23.925598], [81.719063, 23.840429], [81.782661, 23.81184], [81.916443, 23.87299], [82.000732, 23.86314], [82.045403, 23.820589], [82.162407, 23.81996], [82.203888, 23.852991], [82.226143, 23.806932], [82.460022, 23.811399], [82.516197, 23.784231], [82.544518, 23.794189], [82.527351, 23.82408], [82.652023, 23.856501], [82.656517, 23.907862], [82.798653, 23.962181], [82.949501, 23.87299], [83.127411, 23.89002], [83.189568, 23.921101], [83.216026, 23.989403], [83.327599, 24.099649]]]]}}, {"type": "Feature", "properties": {"name": "Dadra and Nagar Haveli"}, "geometry": {"type": "MultiPolygon", "coordinates": [[[[72.990463, 20.292089], [73.020493, 20.290901], [73.019836, 20.317398], [73.044167, 20.291113], [73.103386, 20.360361], [73.112869, 20.304941], [73.177101, 20.312323], [73.06424, 20.203161], [73.082443, 20.15659], [73.15007, 20.17284], [73.145752, 20.20698], [73.227783, 20.18705], [73.196098, 20.156113], [73.219116, 20.0975], [73.198906, 20.062271], [73.060638, 20.09906], [73.052811, 20.067671], [73.010513, 20.140223], [72.985321, 20.113451], [72.974487, 20.22584], [72.92231, 20.274401], [72.990463, 20.292089]]]]}}, {"type": "Feature", "properties": {"name": "Daman and Diu"}, "geometry": {"type": "MultiPolygon", "coordinates": [[[[70.768028, 20.96196], [70.846016, 20.970551], [70.901611, 20.90333], [70.816963, 20.8512], [70.896179, 20.824793], [70.843582, 20.760389], [70.874031, 20.704863], [70.838196, 20.690142], [70.674026, 20.75819], [70.733849, 20.98844], [70.768028, 20.96196]]]]}}, {"type": "Feature", "properties": {"name": "Delhi"}, "geometry": {"type": "MultiPolygon", "coordinates": [[[[77.217323, 28.835279], [77.196922, 28.79528], [77.284897, 28.71246], [77.323486, 28.715872], [77.311211, 28.644642], [77.337532, 28.617493], [77.293648, 28.57972], [77.337738, 28.50897], [77.242653, 28.4846], [77.240616, 28.42886], [77.165771, 28.408461], [77.072479, 28.520281], [77.006096, 28.54278], [77.005547, 28.514441], [76.879372, 28.50905], [76.837616, 28.55699], [76.877937, 28.63763], [76.933907, 28.63765], [76.942307, 28.820681], [77.03154, 28.83679], [77.075851, 28.884512], [77.139198, 28.841669], [77.199646, 28.864941], [77.217323, 28.835279]]]]}}, {"type": "Feature", "properties": {"name": "Goa"}, "geometry": {"type": "MultiPolygon", "coordinates": [[[[73.879868, 15.779212], [73.885902, 15.747261], [73.945366, 15.741522], [74.002388, 15.609052], [74.173431, 15.652052], [74.190132, 15.680981], [74.213249, 15.64903], [74.255257, 15.65421], [74.254311, 15.56583], [74.287277, 15.526], [74.256332, 15.48952], [74.341652, 15.292931], [74.257523, 15.257629], [74.321907, 15.18407], [74.278343, 15.0959], [74.302338, 15.03986], [74.211838, 14.92142], [74.186562, 14.953381], [74.175392, 14.908919], [74.042923, 14.918471], [74.05014, 14.988195], [73.911804, 15.084028], [73.948471, 15.145972], [73.886528, 15.35042], [73.782913, 15.40875], [73.896797, 15.41486], [73.787636, 15.461528], [73.80542, 15.49486], [73.76458, 15.49458], [73.731247, 15.590417], [73.75486, 15.617361], [73.679306, 15.722361], [73.793213, 15.72366], [73.865486, 15.797529], [73.879868, 15.779212]]]]}}, {"type": "Feature", "properties": {"name": "Gujarat"}, "geometry": {"type": "MultiPolygon", "coordinates": [[[[68.358467, 23.80514], [68.426247, 23.794861], [68.390419, 23.654306], [68.38958, 23.685972], [68.314857, 23.583197], [68.274307, 23.59181], [68.277916, 23.63125], [68.306808, 23.630701], [68.250137, 23.590694], [68.197083, 23.597086], [68.204582, 23.64764], [68.311813, 23.650141], [68.231247, 23.642916], [68.33403, 23.710972], [68.358467, 23.80514]]], [[[68.430138, 23.99542], [68.412918, 23.927361], [68.344856, 23.901251], [68.337639, 23.819305], [68.265686, 23.792921], [68.266808, 23.691807], [68.237923, 23.68125], [68.192642, 23.73097], [68.234306, 23.77486], [68.212914, 23.834583], [68.287361, 23.839308], [68.248749, 23.85376], [68.317642, 23.879301], [68.259018, 23.875141], [68.277084, 23.914862], [68.334587, 23.917641], [68.359863, 23.97764], [68.395973, 23.965416], [68.430138, 23.99542]]], [[[72.10186, 24.643339], [72.185898, 24.60943], [72.229988, 24.632881], [72.353783, 24.618101], [72.250999, 24.58016], [72.29512, 24.538441], [72.357933, 24.552511], [72.386322, 24.500511], [72.44249, 24.50425], [72.464676, 24.40712], [72.507713, 24.409931], [72.500557, 24.450291], [72.544579, 24.506851], [72.69725, 24.457211], [72.732536, 24.361271], [72.868118, 24.36581], [72.923912, 24.326323], [72.991463, 24.363972], [72.964188, 24.392221], [73.012787, 24.482401], [73.051041, 24.46526], [73.098923, 24.491491], [73.084961, 24.39447], [73.169968, 24.35067], [73.231476, 24.36466], [73.180626, 24.301491], [73.144958, 24.307858], [73.082687, 24.18498], [73.114166, 24.13859], [73.223816, 24.098221], [73.198936, 24.05146], [73.245827, 24.01071], [73.373466, 24.128139], [73.424683, 23.931061], [73.362076, 23.86187], [73.362648, 23.78743], [73.420486, 23.779331], [73.508537, 23.703331], [73.513489, 23.616812], [73.577271, 23.655361], [73.660736, 23.622902], [73.632751, 23.452393], [73.704216, 23.455782], [73.726143, 23.412663], [73.764717, 23.458578], [73.783066, 23.43461], [73.83213, 23.446751], [73.894272, 23.337139], [73.938896, 23.341419], [73.962471, 23.38139], [74.044472, 23.296091], [74.106583, 23.294123], [74.136108, 23.264721], [74.127022, 23.17885], [74.182991, 23.15222], [74.207542, 23.192051], [74.246033, 23.188259], [74.282539, 23.095013], [74.349197, 23.030241], [74.362022, 22.93309], [74.400383, 22.89938], [74.451477, 22.924], [74.47892, 22.858641], [74.381088, 22.638639], [74.265358, 22.644831], [74.15332, 22.51742], [74.04464, 22.542122], [74.037086, 22.49151], [74.085266, 22.508518], [74.078087, 22.465643], [74.123001, 22.420811], [74.144249, 22.456711], [74.186676, 22.444151], [74.190826, 22.47788], [74.204613, 22.437172], [74.294182, 22.394468], [74.206802, 22.36762], [74.191063, 22.32193], [74.134293, 22.332331], [74.111961, 22.371613], [74.071983, 22.360241], [74.075783, 22.221878], [74.12278, 22.2129], [74.130272, 22.09771], [74.18071, 22.086601], [74.097702, 22.015459], [74.153847, 21.98642], [74.148903, 21.960711], [73.810516, 21.823338], [73.898102, 21.667271], [73.787613, 21.62505], [73.860786, 21.495823], [74.025558, 21.55262], [74.181831, 21.561769], [74.205238, 21.529211], [74.309967, 21.567322], [74.327721, 21.49575], [74.110977, 21.448101], [74.067162, 21.481932], [74.048546, 21.41943], [73.952843, 21.40237], [73.948486, 21.29755], [73.832138, 21.26745], [73.822548, 21.171921], [73.636398, 21.13266], [73.613167, 21.17606], [73.588303, 21.1679], [73.659943, 21.108379], [73.752609, 21.11409], [73.742188, 21.0555], [73.774857, 21.01045], [73.906448, 20.98315], [73.949532, 20.74231], [73.822647, 20.693821], [73.838287, 20.615761], [73.670708, 20.56234], [73.607307, 20.636301], [73.538376, 20.673861], [73.498436, 20.653419], [73.482613, 20.71723], [73.453697, 20.71047], [73.402733, 20.642599], [73.50074, 20.540241], [73.39135, 20.3902], [73.423431, 20.352091], [73.429916, 20.20623], [73.31115, 20.207211], [73.259468, 20.12464], [73.200691, 20.1297], [73.229156, 20.184299], [73.180176, 20.208609], [73.142181, 20.20439], [73.128029, 20.15712], [73.072449, 20.16345], [73.076859, 20.229801], [73.179543, 20.289862], [73.1614, 20.31719], [73.112869, 20.304941], [73.107376, 20.36071], [73.044167, 20.291113], [73.019836, 20.317398], [72.984093, 20.271681], [72.924591, 20.27866], [72.969246, 20.210911], [72.874542, 20.225809], [72.835342, 20.144642], [72.73764, 20.136539], [72.775696, 20.333471], [72.845078, 20.40712], [72.875526, 20.38105], [72.836571, 20.428391], [72.891808, 20.531252], [72.850983, 20.741528], [72.88958, 20.748196], [72.834587, 20.781805], [72.793747, 20.945143], [72.776802, 20.91486], [72.752083, 20.946529], [72.723198, 21.049028], [72.770416, 21.066805], [72.704308, 21.07486], [72.720695, 21.143194], [72.667076, 21.155418], [72.659027, 21.087931], [72.627083, 21.07597], [72.618469, 21.222639], [72.653198, 21.226805], [72.609581, 21.22986], [72.587357, 21.275688], [72.649307, 21.367361], [72.62542, 21.381531], [72.696808, 21.464581], [72.645142, 21.43375], [72.674026, 21.52042], [72.742363, 21.55014], [72.625687, 21.492359], [72.597359, 21.552361], [72.629303, 21.617651], [72.835136, 21.667921], [72.736252, 21.689583], [72.537636, 21.664305], [72.507362, 21.70125], [72.569862, 21.824308], [72.517639, 21.857361], [72.502357, 21.955141], [72.582085, 22.200972], [72.647362, 22.217085], [72.757637, 22.174028], [72.808746, 22.245972], [72.877907, 22.223751], [72.91597, 22.278194], [72.889305, 22.244028], [72.84375, 22.282364], [72.752083, 22.23097], [72.635414, 22.284582], [72.541252, 22.243195], [72.542641, 22.280972], [72.48597, 22.197359], [72.49292, 22.248194], [72.388748, 22.310417], [72.412361, 22.358473], [72.361809, 22.375669], [72.40403, 22.353201], [72.37236, 22.316526], [72.414024, 22.297085], [72.416527, 22.227362], [72.399582, 22.199306], [72.356247, 22.27125], [72.391525, 22.167915], [72.375969, 22.14986], [72.357643, 22.192921], [72.343491, 22.124861], [72.294304, 22.202362], [72.323753, 22.130136], [72.278473, 21.932079], [72.241531, 22.049583], [72.29792, 22.063471], [72.30014, 22.108749], [72.265419, 22.105419], [72.278191, 22.08042], [72.233192, 22.053753], [72.232635, 22.017639], [72.172363, 22.041531], [72.230972, 22.007641], [72.22097, 21.956251], [72.190697, 21.94236], [72.14653, 21.983473], [72.147087, 21.954861], [72.220139, 21.94792], [72.253197, 21.897362], [72.26458, 21.740417], [72.247086, 21.790972], [72.182915, 21.82375], [72.241249, 21.787361], [72.305969, 21.628469], [72.223198, 21.438749], [72.109016, 21.282921], [72.075974, 21.302084], [72.113747, 21.196527], [72.007637, 21.132643], [72.010696, 21.18597], [71.976807, 21.12097], [71.819862, 21.072083], [71.806808, 21.037916], [71.514862, 20.948195], [71.439583, 20.869305], [71.377907, 20.874029], [71.050415, 20.73097], [70.986809, 20.72208], [70.987358, 20.745701], [70.873474, 20.709862], [70.920418, 20.736807], [70.873749, 20.727083], [70.843582, 20.760389], [70.896179, 20.824793], [70.816963, 20.8512], [70.900238, 20.8857], [70.886986, 20.94521], [70.735512, 20.989832], [70.666252, 20.752359], [70.439026, 20.85264], [70.099586, 21.104582], [69.778198, 21.457914], [69.805138, 21.463751], [69.775139, 21.45986], [69.712906, 21.528471], [69.764313, 21.578751], [69.73764, 21.650419], [69.675697, 21.63875], [69.717361, 21.60264], [69.696808, 21.59292], [69.632637, 21.64292], [69.723473, 21.572371], [69.710693, 21.539307], [69.602081, 21.637362], [69.587639, 21.62097], [69.055138, 22.128469], [68.957367, 22.237652], [68.935974, 22.310139], [68.984581, 22.414305], [69.06736, 22.480141], [69.043747, 22.432638], [69.069305, 22.395695], [69.194031, 22.42375], [69.157913, 22.312916], [69.232635, 22.257917], [69.319862, 22.291248], [69.334297, 22.33042], [69.488472, 22.337917], [69.52375, 22.385695], [69.498192, 22.435694], [69.550697, 22.404861], [69.561806, 22.355694], [69.591248, 22.36097], [69.575691, 22.319031], [69.699303, 22.395969], [69.671806, 22.450701], [69.728203, 22.473751], [69.797638, 22.399858], [69.829033, 22.44486], [69.797081, 22.457083], [69.832642, 22.450972], [69.834305, 22.500694], [69.83625, 22.454029], [69.87014, 22.446529], [69.914024, 22.456249], [69.93486, 22.51264], [69.957359, 22.495417], [69.945969, 22.528473], [69.97625, 22.543194], [70.162918, 22.551531], [70.24292, 22.66264], [70.252914, 22.733473], [70.303192, 22.757639], [70.493469, 23.07514], [70.401253, 23.030701], [70.386803, 22.948195], [70.347641, 22.930416], [70.197914, 22.998472], [70.219856, 22.95653], [70.123192, 22.960695], [70.153198, 23.029581], [70.112358, 22.972639], [70.126526, 22.946527], [70.090973, 22.952641], [70.13208, 22.924582], [69.79847, 22.850695], [69.705139, 22.727917], [69.633751, 22.79542], [69.641251, 22.766531], [69.600975, 22.759027], [69.555138, 22.79236], [69.469582, 22.773748], [69.355698, 22.828753], [69.190697, 22.841249], [68.659027, 23.14986], [68.630974, 23.177082], [68.681526, 23.141806], [68.585419, 23.234585], [68.630692, 23.213194], [68.603752, 23.242929], [68.671806, 23.27014], [68.630142, 23.295694], [68.725136, 23.295694], [68.758186, 23.33042], [68.72403, 23.297083], [68.658752, 23.303471], [68.668747, 23.32542], [68.650139, 23.304308], [68.491806, 23.500971], [68.496803, 23.65292], [68.537918, 23.660961], [68.524864, 23.690697], [68.761253, 23.87487], [68.603752, 23.85014], [68.525139, 23.759026], [68.537361, 23.81514], [68.515137, 23.824862], [68.663193, 23.91736], [68.619858, 23.90653], [68.59597, 23.941805], [68.558746, 23.924028], [68.546806, 23.963194], [68.749245, 23.962046], [68.772652, 24.294136], [68.826355, 24.308395], [68.847725, 24.20838], [68.887543, 24.19585], [68.947243, 24.276627], [69.000534, 24.22588], [69.092926, 24.269083], [69.199768, 24.235199], [69.310272, 24.276688], [69.501167, 24.25502], [69.600677, 24.277847], [69.724579, 24.175097], [70.000641, 24.166395], [70.059303, 24.192802], [70.119041, 24.290699], [70.574867, 24.420315], [70.61187, 24.400539], [70.572067, 24.344549], [70.574249, 24.252333], [70.805763, 24.222727], [70.894104, 24.257097], [70.885139, 24.290751], [70.959747, 24.346241], [71.047188, 24.34734], [71.131767, 24.4018], [71.11895, 24.431049], [71.007568, 24.442242], [70.998268, 24.54134], [71.020477, 24.63051], [71.10714, 24.680651], [71.297737, 24.607641], [71.351036, 24.653219], [71.383057, 24.621681], [71.536972, 24.678921], [71.66156, 24.633261], [71.798988, 24.670521], [71.811768, 24.62182], [71.858391, 24.60417], [71.876472, 24.675159], [71.944191, 24.62678], [72.05249, 24.70579], [72.085251, 24.697008], [72.10186, 24.643339]]]]}}, {"type": "Feature", "properties": {"name": "Haryana"}, "geometry": {"type": "MultiPolygon", "coordinates": [[[[76.837151, 30.878872], [76.902161, 30.897228], [76.953751, 30.811211], [76.997963, 30.814291], [77.0131, 30.742208], [77.076843, 30.744761], [77.153526, 30.688721], [77.157486, 30.59955], [77.111496, 30.567289], [77.185349, 30.525881], [77.202606, 30.480341], [77.346077, 30.461901], [77.400612, 30.418751], [77.450539, 30.465231], [77.415901, 30.41283], [77.434952, 30.403671], [77.50985, 30.44883], [77.592018, 30.370861], [77.473267, 30.188591], [77.415321, 30.156691], [77.414429, 30.10713], [77.270409, 30.04834], [77.180168, 29.906212], [77.152382, 29.79328], [77.117043, 29.770901], [77.143326, 29.705971], [77.085617, 29.6008], [77.109718, 29.55299], [77.084908, 29.53359], [77.139389, 29.442101], [77.120033, 29.349791], [77.153946, 29.33548], [77.122047, 29.105768], [77.214043, 29.006691], [77.19014, 28.955662], [77.221191, 28.904133], [77.14238, 28.84247], [77.075851, 28.884512], [77.03154, 28.83679], [76.942307, 28.820681], [76.933907, 28.63765], [76.877937, 28.63763], [76.832916, 28.582508], [76.879372, 28.50905], [77.005547, 28.514441], [77.006096, 28.54278], [77.072479, 28.520281], [77.165771, 28.408461], [77.240616, 28.42886], [77.242653, 28.4846], [77.334473, 28.511089], [77.474556, 28.413511], [77.49424, 28.358261], [77.463753, 28.338011], [77.494766, 28.29261], [77.464813, 28.27743], [77.53878, 28.25441], [77.519119, 28.20178], [77.48912, 28.21199], [77.492119, 28.185101], [77.542366, 28.18166], [77.496368, 28.15987], [77.468872, 28.086012], [77.536133, 27.949303], [77.477661, 27.94021], [77.445847, 27.878408], [77.412292, 27.896158], [77.412392, 27.859072], [77.339333, 27.859591], [77.234558, 27.78581], [77.193848, 27.821939], [77.126526, 27.776461], [77.038277, 27.820042], [77.020668, 27.77812], [77.079216, 27.738411], [76.993538, 27.741701], [76.970497, 27.657143], [76.905403, 27.65597], [76.88092, 27.699369], [76.914566, 27.700821], [76.883347, 27.724422], [76.903778, 27.832661], [76.926643, 27.834221], [76.918648, 27.99761], [76.961761, 28.144011], [76.863632, 28.22464], [76.805809, 28.215891], [76.791489, 28.157242], [76.65123, 28.09676], [76.660072, 28.019051], [76.538193, 27.970541], [76.538521, 28.03912], [76.453728, 28.049669], [76.497658, 28.064732], [76.44857, 28.09317], [76.497803, 28.106621], [76.470993, 28.154741], [76.37677, 28.138071], [76.288857, 28.182673], [76.355606, 28.12845], [76.297401, 28.101049], [76.354599, 28.074202], [76.3368, 28.029661], [76.297157, 28.025961], [76.264923, 28.068741], [76.177338, 28.059259], [76.213829, 28.031681], [76.154938, 27.998991], [76.179466, 27.972841], [76.166458, 27.91507], [76.223282, 27.840931], [76.17292, 27.807461], [76.088066, 27.868448], [75.963081, 27.864731], [75.977386, 27.90926], [75.923622, 27.93309], [75.963173, 27.936951], [75.986908, 27.984631], [75.956398, 28.00102], [75.99054, 28.010172], [75.969986, 28.030949], [76.035629, 28.07398], [76.015648, 28.088852], [75.98455, 28.050741], [75.982063, 28.080221], [75.936089, 28.093531], [76.027748, 28.172722], [76.092888, 28.155218], [76.011192, 28.241751], [76.018723, 28.280958], [75.922379, 28.36891], [75.770317, 28.407619], [75.778229, 28.457611], [75.629097, 28.545971], [75.61805, 28.602209], [75.55571, 28.614592], [75.467079, 28.92625], [75.516518, 28.975389], [75.511101, 29.01083], [75.434738, 29.016541], [75.43026, 29.06472], [75.380653, 29.07032], [75.39621, 29.128441], [75.361153, 29.14262], [75.40065, 29.18891], [75.395706, 29.26194], [75.314926, 29.23596], [75.319267, 29.29344], [75.223457, 29.234951], [75.179993, 29.26862], [75.078079, 29.23245], [75.039917, 29.287149], [74.95311, 29.28194], [74.927147, 29.364639], [74.841133, 29.40407], [74.756638, 29.355961], [74.650177, 29.37237], [74.641823, 29.3312], [74.595779, 29.328312], [74.529106, 29.449539], [74.578911, 29.45862], [74.614403, 29.527111], [74.566536, 29.563499], [74.6054, 29.75288], [74.472, 29.74403], [74.465263, 29.78755], [74.553566, 29.865641], [74.505028, 29.907761], [74.524643, 29.951561], [74.646973, 29.904671], [74.690788, 29.969271], [74.801178, 29.992573], [74.881493, 29.968349], [74.885239, 29.93911], [74.915733, 29.94916], [74.989929, 29.856461], [75.065483, 29.87904], [75.084801, 29.91514], [75.090179, 29.806662], [75.154053, 29.781019], [75.182343, 29.838701], [75.23098, 29.752068], [75.157837, 29.66271], [75.221237, 29.60655], [75.22348, 29.546171], [75.296066, 29.568081], [75.280563, 29.610109], [75.317726, 29.6707], [75.350449, 29.659281], [75.33535, 29.69385], [75.444267, 29.80785], [75.568787, 29.74262], [75.625359, 29.77323], [75.697449, 29.755211], [75.705933, 29.80862], [75.771622, 29.82539], [75.829018, 29.812321], [75.87928, 29.74707], [76.041481, 29.748781], [76.077667, 29.805773], [76.116386, 29.7964], [76.242012, 29.869028], [76.184639, 29.88858], [76.16629, 29.928659], [76.203873, 29.94412], [76.190918, 30.016413], [76.254997, 30.10458], [76.190613, 30.13496], [76.203873, 30.158901], [76.322899, 30.108221], [76.348923, 30.127661], [76.325882, 30.14924], [76.390007, 30.127541], [76.380997, 30.183241], [76.410202, 30.20229], [76.452087, 30.10071], [76.601051, 30.080231], [76.638916, 30.20594], [76.584, 30.256531], [76.532532, 30.227131], [76.547638, 30.264921], [76.715157, 30.332911], [76.738533, 30.35965], [76.70015, 30.393612], [76.757866, 30.43889], [76.808456, 30.41186], [76.832458, 30.433882], [76.880226, 30.359701], [76.930267, 30.39259], [76.888847, 30.441111], [76.913429, 30.599703], [76.858582, 30.640631], [76.862228, 30.679272], [76.818817, 30.660591], [76.846786, 30.792521], [76.762543, 30.89341], [76.810188, 30.93038], [76.837151, 30.878872]]]]}}, {"type": "Feature", "properties": {"name": "Himachal Pradesh"}, "geometry": {"type": "MultiPolygon", "coordinates": [[[[76.802757, 33.23666], [76.828346, 33.246399], [76.803459, 33.155689], [76.877197, 33.114239], [76.917511, 33.03368], [76.998466, 32.989571], [77.136391, 32.980461], [77.146187, 32.914021], [77.173859, 32.931129], [77.327896, 32.819881], [77.387466, 32.885521], [77.455223, 32.86174], [77.665207, 32.986031], [77.712486, 32.971802], [77.790169, 32.90543], [77.761429, 32.86483], [77.915131, 32.76606], [77.903252, 32.6931], [77.982559, 32.586529], [78.035797, 32.591949], [78.033897, 32.635609], [78.065331, 32.624279], [78.093376, 32.662151], [78.121498, 32.642349], [78.152542, 32.67902], [78.212936, 32.669189], [78.295723, 32.712811], [78.287659, 32.737831], [78.371353, 32.761829], [78.388817, 32.62323], [78.296623, 32.577511], [78.278519, 32.507931], [78.31041, 32.475929], [78.382431, 32.529652], [78.438393, 32.505352], [78.43811, 32.45639], [78.518761, 32.418499], [78.464073, 32.35223], [78.439209, 32.24646], [78.539421, 32.249981], [78.592911, 32.21867], [78.57431, 32.158619], [78.597336, 32.122032], [78.771027, 31.999811], [78.691353, 31.79335], [78.734398, 31.69198], [78.779648, 31.68984], [78.831093, 31.615261], [78.706642, 31.518393], [78.716583, 31.484882], [78.795479, 31.452763], [78.776436, 31.40123], [78.834229, 31.372471], [78.82901, 31.3302], [78.97187, 31.182371], [78.996582, 31.115339], [78.871399, 31.107321], [78.795036, 31.20504], [78.647697, 31.19467], [78.595367, 31.236391], [78.470108, 31.203751], [78.356323, 31.290871], [78.029953, 31.18531], [78.014236, 31.15494], [77.954758, 31.17878], [77.887489, 31.154701], [77.800606, 31.06208], [77.817146, 30.953569], [77.734573, 30.95957], [77.745598, 30.92231], [77.795616, 30.9238], [77.789368, 30.858549], [77.744522, 30.881191], [77.744408, 30.829851], [77.688286, 30.768669], [77.733406, 30.685829], [77.779053, 30.663771], [77.78199, 30.619358], [77.729523, 30.598383], [77.810646, 30.53318], [77.67907, 30.451731], [77.574631, 30.426519], [77.565346, 30.38489], [77.50985, 30.44883], [77.486832, 30.412613], [77.416443, 30.408392], [77.450539, 30.465231], [77.400612, 30.418751], [77.346077, 30.461901], [77.202606, 30.480341], [77.185349, 30.525881], [77.122337, 30.548231], [77.158638, 30.603142], [77.153526, 30.688721], [77.076843, 30.744761], [77.0131, 30.742208], [76.997963, 30.814291], [76.953751, 30.811211], [76.902161, 30.897228], [76.852432, 30.870689], [76.810188, 30.93038], [76.769859, 30.906391], [76.610069, 31.00423], [76.625732, 31.110243], [76.589317, 31.127701], [76.590393, 31.182859], [76.634148, 31.21534], [76.580612, 31.216352], [76.601616, 31.25091], [76.570503, 31.280149], [76.53495, 31.25535], [76.53717, 31.283951], [76.518112, 31.26231], [76.466713, 31.310211], [76.431137, 31.282841], [76.448273, 31.30599], [76.363136, 31.441351], [76.315842, 31.402378], [76.336662, 31.35302], [76.296097, 31.319201], [76.172829, 31.30674], [76.135033, 31.361759], [76.153496, 31.414013], [75.921829, 31.817181], [75.971466, 31.814548], [75.894547, 31.9498], [75.689819, 32.061531], [75.578758, 32.08168], [75.661827, 32.164669], [75.620216, 32.185169], [75.622543, 32.23468], [75.736397, 32.273762], [75.934631, 32.424759], [75.850967, 32.50787], [75.923622, 32.6437], [75.896576, 32.691059], [75.912483, 32.757122], [75.787422, 32.893322], [75.833893, 32.934601], [75.933777, 32.884312], [75.987419, 32.900581], [76.093689, 33.004829], [76.237289, 33.032589], [76.275002, 33.103989], [76.391678, 33.186691], [76.581902, 33.206871], [76.627007, 33.162479], [76.729866, 33.179432], [76.759972, 33.252979], [76.802757, 33.23666]]]]}}, {"type": "Feature", "properties": {"name": "Jammu and Kashmir"}, "geometry": {"type": "MultiPolygon", "coordinates": [[[[77.899567, 35.427895], [77.990646, 35.48711], [78.109833, 35.476768], [77.99707, 35.394089], [77.991852, 35.348549], [78.042763, 35.202332], [78.124176, 35.135422], [78.08287, 35.082489], [78.248032, 34.695099], [78.398361, 34.648632], [78.425117, 34.603462], [78.569336, 34.61195], [78.824951, 34.414131], [78.981461, 34.332851], [78.993401, 34.288742], [78.9562, 34.217831], [78.706383, 34.072182], [78.770363, 34.01973], [78.711563, 33.922501], [78.783989, 33.770432], [78.710983, 33.654869], [78.823257, 33.48349], [79.066597, 33.295891], [79.074966, 33.228611], [79.185463, 33.191231], [79.409836, 33.178772], [79.35247, 32.979031], [79.540527, 32.748692], [79.564293, 32.670761], [79.545357, 32.607361], [79.448013, 32.586079], [79.312218, 32.487091], [79.258408, 32.52338], [79.202957, 32.51083], [79.126526, 32.46431], [79.104469, 32.371712], [79.049217, 32.383369], [78.977203, 32.34277], [78.781181, 32.4753], [78.745926, 32.696079], [78.625671, 32.607052], [78.452721, 32.579502], [78.412239, 32.556061], [78.416527, 32.515099], [78.382431, 32.529652], [78.31041, 32.475929], [78.278519, 32.507931], [78.296623, 32.577511], [78.388817, 32.62323], [78.371353, 32.761829], [78.287659, 32.737831], [78.295723, 32.712811], [78.212936, 32.669189], [78.152542, 32.67902], [78.121498, 32.642349], [78.093376, 32.662151], [78.065331, 32.624279], [78.033897, 32.635609], [78.035797, 32.591949], [77.982559, 32.586529], [77.903252, 32.6931], [77.915131, 32.76606], [77.761429, 32.86483], [77.790169, 32.90543], [77.712486, 32.971802], [77.665207, 32.986031], [77.455223, 32.86174], [77.387466, 32.885521], [77.327896, 32.819881], [77.173859, 32.931129], [77.146187, 32.914021], [77.136391, 32.980461], [76.998466, 32.989571], [76.917511, 33.03368], [76.877197, 33.114239], [76.803459, 33.155689], [76.828346, 33.246399], [76.778267, 33.255711], [76.729866, 33.179432], [76.627007, 33.162479], [76.547478, 33.20953], [76.391678, 33.186691], [76.275002, 33.103989], [76.237289, 33.032589], [76.093689, 33.004829], [76.082207, 32.9688], [75.94577, 32.885139], [75.807953, 32.92979], [75.789833, 32.881401], [75.912483, 32.757122], [75.896576, 32.691059], [75.923622, 32.6437], [75.804337, 32.487061], [75.745926, 32.476349], [75.684959, 32.40062], [75.545151, 32.360821], [75.498947, 32.27533], [75.472237, 32.34005], [75.322327, 32.337326], [75.18853, 32.42448], [75.12793, 32.421169], [75.071609, 32.482964], [75.030167, 32.49176], [74.979347, 32.447769], [74.835327, 32.496212], [74.698418, 32.48494], [74.642212, 32.61105], [74.676208, 32.658001], [74.650139, 32.71841], [74.697021, 32.839714], [74.641998, 32.822899], [74.614235, 32.757732], [74.531532, 32.74073], [74.466057, 32.781361], [74.413895, 32.90395], [74.318031, 32.919701], [74.349831, 33.016251], [74.205246, 33.043301], [74.111702, 33.16444], [74.014275, 33.19825], [74.020302, 33.258781], [74.102982, 33.270542], [74.170746, 33.346649], [74.187073, 33.455521], [74.095711, 33.570396], [74.028442, 33.57468], [73.956253, 33.720291], [74.065727, 33.820099], [74.219673, 33.867176], [74.262741, 33.974289], [74.214676, 34.038555], [74.123695, 34.05518], [74.006073, 34.022442], [73.883217, 34.04995], [73.976578, 34.211803], [73.976227, 34.264809], [73.899406, 34.359814], [73.841751, 34.338322], [73.76432, 34.371071], [73.776985, 34.416302], [73.898743, 34.49577], [73.89534, 34.546669], [73.948067, 34.57309], [73.92733, 34.645889], [73.96022, 34.696682], [74.141792, 34.6912], [74.307297, 34.800304], [74.375542, 34.803444], [74.580177, 34.7701], [74.703003, 34.693081], [74.910507, 34.683208], [75.018745, 34.641499], [75.24971, 34.647312], [75.261856, 34.610882], [75.377823, 34.552422], [75.749207, 34.515831], [76.036461, 34.670269], [76.157913, 34.64341], [76.474342, 34.794373], [76.561813, 34.758339], [76.681816, 34.75959], [76.74324, 34.840099], [76.749367, 34.926601], [76.870041, 34.972431], [76.99749, 34.939152], [77.018097, 35.038464], [77.068367, 35.02412], [77.156822, 35.054699], [77.823929, 35.501331], [77.899567, 35.427895]]]]}}, {"type": "Feature", "properties": {"name": "Jharkhand"}, "geometry": {"type": "MultiPolygon", "coordinates": [[[[87.599892, 25.314663], [87.684151, 25.310131], [87.707787, 25.256409], [87.78331, 25.246178], [87.776527, 25.09127], [87.876976, 25.02804], [87.973343, 24.896482], [87.888977, 24.85294], [87.854538, 24.764311], [87.837532, 24.787802], [87.818062, 24.765982], [87.900833, 24.7216], [87.88662, 24.674103], [87.913406, 24.65856], [87.901611, 24.612581], [87.872742, 24.61072], [87.909973, 24.593868], [87.848213, 24.55105], [87.769409, 24.58176], [87.806343, 24.5452], [87.795151, 24.491051], [87.822876, 24.49441], [87.784752, 24.414541], [87.81002, 24.40662], [87.756279, 24.303593], [87.635712, 24.242531], [87.637726, 24.21158], [87.692558, 24.18618], [87.689568, 24.149839], [87.569382, 24.155651], [87.607613, 24.128942], [87.576157, 24.08526], [87.493599, 24.11521], [87.510551, 24.039831], [87.43383, 24.008322], [87.45797, 23.981421], [87.327873, 23.995991], [87.332359, 24.03101], [87.237976, 24.04122], [87.294548, 23.898571], [87.270416, 23.87294], [87.248222, 23.907011], [87.242729, 23.82616], [87.218559, 23.830801], [87.236237, 23.853069], [87.130928, 23.866961], [87.166443, 23.81959], [87.124161, 23.795038], [86.895012, 23.879951], [86.882263, 23.81448], [86.871216, 23.844181], [86.82077, 23.81131], [86.792839, 23.831381], [86.819771, 23.76107], [86.792038, 23.68737], [86.693848, 23.694521], [86.528656, 23.628981], [86.43988, 23.62961], [86.357971, 23.54306], [86.371948, 23.48266], [86.300003, 23.420061], [86.278473, 23.44112], [86.243179, 23.41958], [86.238747, 23.46969], [86.145531, 23.47307], [86.144768, 23.567772], [86.046867, 23.58387], [86.010773, 23.551649], [86.047226, 23.493643], [85.943909, 23.45462], [85.874123, 23.476231], [85.859543, 23.450951], [85.895691, 23.37059], [85.866257, 23.364849], [85.877983, 23.323709], [85.826363, 23.263121], [85.831558, 23.19512], [85.914993, 23.12953], [86.036926, 23.14361], [86.212479, 22.99185], [86.298256, 23.013283], [86.393036, 22.974239], [86.540283, 22.98723], [86.518356, 22.94433], [86.432823, 22.923403], [86.463043, 22.896631], [86.416153, 22.776508], [86.506592, 22.701521], [86.539253, 22.72065], [86.617867, 22.673389], [86.651703, 22.57579], [86.759941, 22.57243], [86.798012, 22.48399], [86.748268, 22.478661], [86.75148, 22.45068], [86.843933, 22.396061], [86.829193, 22.324591], [86.885117, 22.296709], [86.885681, 22.252121], [86.811867, 22.263931], [86.799606, 22.240973], [86.790268, 22.2628], [86.800117, 22.213631], [86.775887, 22.231541], [86.747803, 22.207981], [86.651146, 22.2332], [86.499947, 22.340952], [86.433357, 22.30154], [86.352737, 22.345421], [86.279823, 22.44552], [86.10733, 22.484898], [86.03849, 22.563589], [85.953506, 22.455973], [86.008743, 22.42432], [86.021248, 22.37504], [85.992882, 22.33816], [86.043289, 22.30619], [85.969788, 22.243401], [86.026718, 22.185223], [85.905426, 21.966631], [85.76075, 21.989719], [85.787941, 22.07719], [85.830757, 22.076971], [85.802048, 22.11083], [85.681503, 22.04878], [85.644608, 22.090281], [85.539543, 22.08659], [85.39444, 22.1586], [85.300079, 22.107059], [85.230942, 22.000271], [85.210747, 22.04318], [85.095436, 22.099451], [84.97982, 22.084681], [85.023743, 22.111992], [85.070511, 22.27216], [85.114456, 22.290489], [85.074059, 22.348591], [85.062492, 22.478411], [84.893799, 22.418011], [84.807793, 22.446861], [84.752693, 22.442013], [84.743851, 22.414751], [84.526627, 22.420021], [84.426086, 22.34881], [84.289223, 22.33732], [84.152489, 22.40093], [84.134926, 22.470949], [84.002502, 22.520861], [84.005051, 22.569563], [84.080391, 22.636551], [84.220612, 22.668911], [84.225357, 22.735161], [84.285286, 22.763371], [84.32946, 22.85955], [84.369888, 22.8645], [84.389053, 22.93874], [84.370537, 22.975071], [84.217056, 22.976473], [84.189926, 23.02372], [84.148003, 22.963869], [84.129379, 23.081541], [84.033676, 23.138441], [84.070251, 23.32999], [84.043388, 23.37401], [84.006531, 23.3528], [83.965828, 23.38121], [83.969528, 23.455408], [84.022667, 23.544241], [84.007027, 23.632311], [83.937889, 23.622431], [83.935257, 23.56304], [83.774887, 23.599501], [83.714729, 23.682541], [83.729401, 23.75473], [83.695389, 23.820669], [83.561211, 23.862951], [83.576157, 23.88438], [83.542847, 23.898241], [83.506706, 24.02824], [83.447586, 24.04248], [83.425369, 24.083761], [83.323563, 24.10133], [83.401886, 24.266001], [83.375938, 24.314541], [83.451393, 24.36475], [83.400139, 24.40868], [83.39547, 24.503771], [83.868042, 24.532881], [83.933006, 24.551743], [83.99221, 24.638033], [84.046738, 24.612289], [84.109779, 24.4814], [84.146057, 24.5403], [84.17926, 24.51042], [84.188301, 24.555321], [84.257141, 24.53075], [84.297432, 24.563143], [84.326347, 24.50272], [84.293213, 24.450823], [84.493538, 24.287041], [84.521523, 24.376261], [84.572479, 24.41234], [84.658257, 24.393742], [84.678917, 24.456343], [84.795326, 24.529491], [84.832626, 24.51148], [84.834396, 24.45252], [84.880173, 24.462801], [84.898033, 24.372129], [84.968567, 24.37595], [84.990402, 24.41223], [85.076157, 24.439871], [85.065483, 24.386761], [85.089417, 24.3792], [85.16938, 24.42947], [85.150673, 24.46287], [85.281967, 24.4972], [85.282516, 24.52669], [85.486481, 24.550751], [85.518303, 24.524549], [85.576576, 24.60301], [85.664703, 24.58193], [85.649529, 24.68704], [85.696663, 24.713472], [85.73674, 24.822651], [85.877777, 24.800291], [85.950302, 24.732119], [86.050583, 24.779541], [86.03907, 24.74132], [86.086578, 24.746321], [86.124443, 24.70516], [86.133293, 24.60354], [86.322861, 24.584091], [86.279137, 24.462002], [86.452209, 24.368629], [86.505722, 24.5177], [86.602921, 24.605068], [86.668396, 24.56064], [86.777122, 24.619761], [86.800293, 24.564602], [86.911179, 24.538679], [86.898079, 24.58654], [86.930092, 24.64282], [87.050468, 24.60677], [87.096672, 24.801493], [87.077301, 24.818142], [87.150978, 24.858431], [87.144203, 25.017971], [87.176643, 25.06402], [87.250557, 25.10585], [87.291107, 25.08927], [87.323456, 25.223091], [87.467636, 25.193142], [87.490067, 25.305201], [87.539749, 25.281618], [87.58007, 25.348391], [87.599892, 25.314663]]]]}}, {"type": "Feature", "properties": {"name": "Karnataka"}, "geometry": {"type": "MultiPolygon", "coordinates": [[[[77.337311, 18.43544], [77.369629, 18.447651], [77.369751, 18.400709], [77.41011, 18.388531], [77.362526, 18.30829], [77.436371, 18.306492], [77.465393, 18.25996], [77.509506, 18.30673], [77.60302, 18.278], [77.564308, 18.20055], [77.597458, 18.08429], [77.545746, 18.053761], [77.653397, 17.969353], [77.623741, 17.95775], [77.616577, 17.902868], [77.585167, 17.90823], [77.596687, 17.870451], [77.51088, 17.801441], [77.562027, 17.74711], [77.450348, 17.691299], [77.439926, 17.58147], [77.501617, 17.54088], [77.52742, 17.573221], [77.589828, 17.562759], [77.591728, 17.532681], [77.687996, 17.498543], [77.684013, 17.472851], [77.652763, 17.50325], [77.610611, 17.444233], [77.510147, 17.427259], [77.528023, 17.37211], [77.451599, 17.370491], [77.434021, 17.28826], [77.454506, 17.27589], [77.380356, 17.21977], [77.398811, 17.208778], [77.359993, 17.161621], [77.462639, 17.104071], [77.49939, 17.00732], [77.4534, 16.909033], [77.471138, 16.779131], [77.437538, 16.783211], [77.423416, 16.714531], [77.466797, 16.711941], [77.465042, 16.678282], [77.416573, 16.662811], [77.469391, 16.646912], [77.464172, 16.584209], [77.391441, 16.565201], [77.415321, 16.51783], [77.366287, 16.48411], [77.235176, 16.468081], [77.342949, 16.379721], [77.494492, 16.37579], [77.591606, 16.337511], [77.592278, 16.29011], [77.487556, 16.249821], [77.511169, 16.21719], [77.483627, 16.15855], [77.509453, 15.92086], [77.180626, 15.950063], [77.076797, 15.90974], [77.02227, 15.83178], [77.063889, 15.82317], [77.047089, 15.725012], [77.124977, 15.659051], [77.116203, 15.62511], [77.081436, 15.652841], [77.029282, 15.633839], [77.026596, 15.49999], [76.97039, 15.490922], [77.027397, 15.435181], [77.061577, 15.32186], [77.109688, 15.327282], [77.164146, 15.25907], [77.120903, 15.221241], [77.1632, 15.161331], [77.078819, 15.00001], [77.041008, 15.005482], [77.046883, 15.029212], [76.876701, 15.028679], [76.796936, 15.09076], [76.774223, 15.071381], [76.763771, 14.96987], [76.864456, 14.96402], [76.865479, 14.9376], [76.84874, 14.804031], [76.78035, 14.779262], [76.798073, 14.734591], [76.76091, 14.596281], [76.870201, 14.46844], [76.973396, 14.478281], [76.941566, 14.399542], [76.883141, 14.390291], [76.879097, 14.34639], [76.950111, 14.294029], [76.924858, 14.272181], [76.943466, 14.23631], [77.10508, 14.213282], [77.152153, 14.337741], [77.231956, 14.31107], [77.281143, 14.331111], [77.279587, 14.27609], [77.359261, 14.26933], [77.383789, 14.191821], [77.415703, 14.211962], [77.385658, 14.32487], [77.499367, 14.26051], [77.500443, 14.150961], [77.409721, 14.16972], [77.347733, 14.124341], [77.344536, 14.096011], [77.395447, 14.103441], [77.326187, 14.02294], [77.383362, 14.007359], [77.375656, 13.969111], [77.430641, 13.96878], [77.397057, 13.880541], [77.348343, 13.896541], [77.353783, 13.982321], [77.313492, 14.02482], [77.147339, 13.991622], [77.121101, 14.04218], [77.023697, 14.053259], [77.019829, 14.172702], [76.941643, 14.189312], [76.891426, 14.158999], [76.883682, 14.131032], [76.926979, 14.12721], [76.975006, 14.06527], [76.931099, 14.022732], [77.035843, 13.925591], [76.968391, 13.81439], [76.993927, 13.74151], [77.026367, 13.771441], [77.060043, 13.738861], [77.16658, 13.754669], [77.162247, 13.820741], [77.123886, 13.84939], [77.162491, 13.85698], [77.177032, 13.9174], [77.178802, 13.85984], [77.233841, 13.894932], [77.250443, 13.839471], [77.42453, 13.83513], [77.408661, 13.799252], [77.457451, 13.79705], [77.444817, 13.695761], [77.476486, 13.6776], [77.487343, 13.706792], [77.521523, 13.68787], [77.519669, 13.74385], [77.556076, 13.71646], [77.595596, 13.743579], [77.621246, 13.727402], [77.610466, 13.75544], [77.649086, 13.77584], [77.708748, 13.732739], [77.71286, 13.79052], [77.827721, 13.86062], [77.818291, 13.934881], [77.886986, 13.931182], [77.911606, 13.897241], [77.978577, 13.947651], [77.94458, 13.819971], [77.985161, 13.86167], [78.037827, 13.85285], [78.041153, 13.886729], [78.113533, 13.840891], [78.118233, 13.7769], [78.084923, 13.733492], [78.105377, 13.684401], [78.058342, 13.66697], [78.080727, 13.635341], [78.155762, 13.64871], [78.193939, 13.616159], [78.183273, 13.55638], [78.227692, 13.587221], [78.390762, 13.5781], [78.355156, 13.355071], [78.397377, 13.332332], [78.366997, 13.32004], [78.471748, 13.30792], [78.520798, 13.255591], [78.555656, 13.29943], [78.577469, 13.26205], [78.540947, 13.187251], [78.569077, 13.156483], [78.508751, 13.11959], [78.527962, 13.09736], [78.504578, 13.052762], [78.451576, 13.031532], [78.457901, 12.963242], [78.422653, 12.9686], [78.454239, 12.853162], [78.435829, 12.90067], [78.378342, 12.895191], [78.345428, 12.928061], [78.303101, 12.8472], [78.241096, 12.847421], [78.22065, 12.75259], [78.120667, 12.770012], [78.04673, 12.84237], [78.014923, 12.845921], [78.00148, 12.79544], [77.945557, 12.849331], [77.910477, 12.819711], [77.924286, 12.87784], [77.8256, 12.85899], [77.784882, 12.83381], [77.799492, 12.786859], [77.731407, 12.66398], [77.59034, 12.657541], [77.570053, 12.557932], [77.606369, 12.499791], [77.575363, 12.46838], [77.625206, 12.477262], [77.620087, 12.40848], [77.542709, 12.283711], [77.470177, 12.26187], [77.465668, 12.202261], [77.726357, 12.16732], [77.768448, 12.105592], [77.664711, 11.9397], [77.484398, 11.9324], [77.41925, 11.750671], [77.241737, 11.80246], [77.102829, 11.76312], [77.109299, 11.712801], [77.004433, 11.80302], [76.959602, 11.7652], [76.899689, 11.783272], [76.828476, 11.64411], [76.83728, 11.57448], [76.746269, 11.610541], [76.560066, 11.610121], [76.504211, 11.698041], [76.451363, 11.65512], [76.41021, 11.66457], [76.407677, 11.753331], [76.334976, 11.73063], [76.272011, 11.80354], [76.218529, 11.800039], [76.184036, 11.863762], [76.108063, 11.851181], [76.10791, 11.970639], [75.998192, 11.923621], [75.865898, 11.94563], [75.799683, 12.071181], [75.717056, 12.06209], [75.701599, 12.100331], [75.66243, 12.091181], [75.635086, 12.142391], [75.533737, 12.196092], [75.482727, 12.286181], [75.419128, 12.2864], [75.421387, 12.36673], [75.365601, 12.407041], [75.366623, 12.45166], [75.422508, 12.460061], [75.41449, 12.496712], [75.340866, 12.45605], [75.272408, 12.539881], [75.327858, 12.585181], [75.276726, 12.61166], [75.2229, 12.56264], [75.201431, 12.625111], [75.142967, 12.63331], [75.150642, 12.676342], [75.086098, 12.697782], [75.083092, 12.666409], [75.047806, 12.660089], [75.049667, 12.7147], [74.984779, 12.729881], [74.992287, 12.79046], [74.867081, 12.754452], [74.802361, 12.93125], [74.789581, 13.09875], [74.773483, 13.08319], [74.690407, 13.34847], [74.729027, 13.277081], [74.606796, 13.866529], [74.633186, 13.84903], [74.501526, 14.022641], [74.35376, 14.502921], [74.38736, 14.54681], [74.375969, 14.57375], [74.354309, 14.542915], [74.337364, 14.568749], [74.355972, 14.522079], [74.309593, 14.520691], [74.24958, 14.739584], [74.204865, 14.717916], [74.092636, 14.80319], [74.120972, 14.802083], [74.130417, 14.839862], [74.104172, 14.90375], [74.175392, 14.908919], [74.180367, 14.95305], [74.211838, 14.92142], [74.270119, 14.966641], [74.302338, 15.03986], [74.289566, 15.14313], [74.321907, 15.18407], [74.257523, 15.257629], [74.341652, 15.292931], [74.256332, 15.48952], [74.287277, 15.526], [74.254311, 15.56583], [74.255257, 15.65421], [74.096527, 15.67085], [74.227348, 15.785671], [74.250069, 15.74118], [74.364853, 15.773651], [74.389313, 15.84414], [74.344536, 15.852051], [74.374123, 15.89161], [74.411583, 15.852591], [74.391869, 15.901159], [74.470276, 16.040541], [74.368156, 16.052959], [74.434593, 16.11062], [74.496407, 16.10158], [74.503113, 16.231041], [74.380066, 16.293501], [74.330658, 16.27294], [74.325462, 16.37925], [74.361656, 16.36475], [74.36911, 16.394329], [74.342651, 16.400492], [74.338867, 16.452162], [74.296318, 16.459011], [74.299896, 16.50263], [74.268776, 16.47603], [74.253159, 16.494881], [74.285759, 16.50337], [74.276367, 16.544533], [74.314117, 16.502098], [74.329407, 16.553471], [74.389923, 16.527901], [74.403481, 16.578671], [74.472458, 16.604811], [74.477386, 16.66078], [74.498009, 16.62664], [74.551437, 16.633211], [74.574051, 16.55197], [74.636368, 16.575741], [74.642807, 16.606771], [74.690376, 16.60446], [74.660507, 16.637581], [74.698196, 16.7152], [74.92382, 16.769951], [74.911957, 16.85594], [74.967262, 16.90538], [74.938393, 16.94099], [75.031906, 16.925671], [75.090416, 16.94865], [75.141129, 16.873541], [75.215858, 16.84034], [75.282776, 16.874241], [75.288437, 16.954773], [75.467911, 16.985331], [75.492493, 16.9429], [75.570343, 16.963621], [75.575798, 17.007799], [75.645027, 16.951033], [75.674606, 16.96027], [75.672241, 17.03573], [75.643753, 17.0364], [75.67849, 17.094172], [75.628021, 17.17012], [75.659889, 17.26144], [75.605957, 17.303261], [75.578537, 17.382931], [75.615807, 17.391859], [75.63559, 17.47751], [75.691193, 17.412611], [75.737038, 17.4219], [75.802338, 17.370102], [75.824722, 17.42285], [75.861969, 17.385851], [75.887238, 17.41733], [75.893661, 17.353621], [75.931152, 17.32411], [76.054527, 17.3543], [76.078743, 17.33007], [76.121208, 17.366341], [76.175758, 17.297211], [76.172333, 17.34873], [76.244362, 17.37468], [76.275879, 17.33053], [76.343613, 17.349932], [76.352272, 17.310591], [76.381706, 17.31181], [76.408066, 17.369289], [76.362, 17.37508], [76.373177, 17.43442], [76.333656, 17.432293], [76.330803, 17.468819], [76.375038, 17.493521], [76.343483, 17.49435], [76.366127, 17.522173], [76.331673, 17.59487], [76.415672, 17.6042], [76.428726, 17.644411], [76.489296, 17.660669], [76.486366, 17.71352], [76.523636, 17.715231], [76.523697, 17.75889], [76.573303, 17.76], [76.573227, 17.702169], [76.614449, 17.768312], [76.690552, 17.679953], [76.727608, 17.737], [76.715706, 17.781919], [76.762756, 17.787109], [76.78817, 17.826471], [76.737457, 17.857059], [76.740677, 17.89801], [76.802803, 17.86832], [76.916443, 17.915091], [76.917717, 18.03323], [76.954643, 18.03968], [76.968277, 18.097111], [76.922562, 18.11611], [76.954109, 18.184891], [77.108887, 18.152691], [77.095543, 18.195101], [77.149986, 18.21656], [77.170532, 18.28087], [77.206177, 18.27796], [77.240227, 18.408648], [77.317413, 18.453791], [77.337311, 18.43544]]]]}}, {"type": "Feature", "properties": {"name": "Kerala"}, "geometry": {"type": "MultiPolygon", "coordinates": [[[[74.996002, 12.787981], [74.984779, 12.729881], [75.049667, 12.7147], [75.047806, 12.660089], [75.083092, 12.666409], [75.086098, 12.697782], [75.150642, 12.676342], [75.142967, 12.63331], [75.201431, 12.625111], [75.2229, 12.56264], [75.276726, 12.61166], [75.327858, 12.585181], [75.27092, 12.55354], [75.336761, 12.457782], [75.41449, 12.496712], [75.422508, 12.460061], [75.366623, 12.45166], [75.365601, 12.407041], [75.421387, 12.36673], [75.419128, 12.2864], [75.482727, 12.286181], [75.576843, 12.15075], [75.635086, 12.142391], [75.717056, 12.06209], [75.795349, 12.074231], [75.826973, 11.977971], [75.876747, 11.940712], [75.998192, 11.923621], [76.10791, 11.970639], [76.116531, 11.84304], [76.184036, 11.863762], [76.218529, 11.800039], [76.272011, 11.80354], [76.334976, 11.73063], [76.407677, 11.753331], [76.396408, 11.701079], [76.434219, 11.633521], [76.297897, 11.564331], [76.270973, 11.592909], [76.225746, 11.56444], [76.240097, 11.459641], [76.278061, 11.474531], [76.410393, 11.433591], [76.448387, 11.381419], [76.5382, 11.35159], [76.540169, 11.292348], [76.446388, 11.230461], [76.452721, 11.18021], [76.487648, 11.20279], [76.623039, 11.185671], [76.696968, 11.231331], [76.725578, 11.208891], [76.691177, 11.14451], [76.738716, 11.12129], [76.737099, 11.04751], [76.792473, 11.042373], [76.70652, 11.031351], [76.649162, 10.924152], [76.817558, 10.861801], [76.897507, 10.7708], [76.855507, 10.675272], [76.87262, 10.629432], [76.804993, 10.626341], [76.829727, 10.585062], [76.819672, 10.29524], [76.970787, 10.208651], [77.162956, 10.346281], [77.22216, 10.340301], [77.246529, 10.22061], [77.280449, 10.207252], [77.259781, 10.119081], [77.187798, 10.092502], [77.261421, 9.963721], [77.204437, 9.89432], [77.233986, 9.78852], [77.151871, 9.60602], [77.255013, 9.564991], [77.304306, 9.593041], [77.324783, 9.5632], [77.340897, 9.595051], [77.350548, 9.526292], [77.396233, 9.496542], [77.266823, 9.29088], [77.251778, 9.143041], [77.182083, 9.036501], [77.132179, 9.01185], [77.241501, 8.864782], [77.214676, 8.775761], [77.155319, 8.73756], [77.265083, 8.54256], [77.247543, 8.50138], [77.186493, 8.493371], [77.209518, 8.437719], [77.134819, 8.37853], [77.159653, 8.312501], [77.090698, 8.29747], [76.975418, 8.384581], [76.631805, 8.836251], [76.546249, 8.90236], [76.463478, 9.134029], [76.483749, 9.126805], [76.490417, 9.17014], [76.470703, 9.14236], [76.422638, 9.245693], [76.46125, 9.139584], [76.337914, 9.415972], [76.237358, 9.965422], [76.295418, 9.91792], [76.296524, 9.892916], [76.257362, 9.9157], [76.269577, 9.866252], [76.287636, 9.898472], [76.284584, 9.832639], [76.295692, 9.889862], [76.319313, 9.876251], [76.347641, 9.711806], [76.320686, 9.87125], [76.370697, 9.820143], [76.360695, 9.700417], [76.39875, 9.674305], [76.357086, 9.525416], [76.480423, 9.511251], [76.502083, 9.530973], [76.41597, 9.565971], [76.377357, 9.864862], [76.340141, 9.919584], [76.343193, 9.885141], [76.318748, 9.888761], [76.24958, 10.029862], [76.240417, 10.070973], [76.25708, 10.045971], [76.26458, 10.07931], [76.225693, 10.127083], [76.239304, 10.075139], [76.205696, 10.147082], [76.245415, 9.972362], [76.22403, 9.977079], [76.16597, 10.174861], [76.202637, 10.139028], [76.191528, 10.194311], [76.159859, 10.188472], [76.034027, 10.525695], [76.067642, 10.544584], [76.041527, 10.575421], [76.036247, 10.51014], [75.910141, 10.79236], [75.825142, 11.122917], [75.858475, 11.138472], [75.82486, 11.125417], [75.801804, 11.158194], [75.829025, 11.180696], [75.802086, 11.162638], [75.68264, 11.448195], [75.617363, 11.477083], [75.542358, 11.681811], [75.472076, 11.76376], [75.507637, 11.761248], [75.474861, 11.766529], [75.500137, 11.798195], [75.453751, 11.770139], [75.460136, 11.80736], [75.454025, 11.778472], [75.298737, 11.94347], [75.399307, 11.915416], [75.374863, 11.956532], [75.358749, 11.931532], [75.317917, 11.94625], [75.265419, 12.007081], [75.333191, 12.010141], [75.299309, 12.015689], [75.339302, 12.047638], [75.307083, 12.034309], [75.309067, 12.102661], [75.402519, 12.136841], [75.325157, 12.144891], [75.274529, 12.100261], [75.223061, 12.10484], [75.231056, 12.024562], [75.200417, 12.007361], [75.178749, 12.080694], [75.220139, 12.070142], [75.172638, 12.085702], [75.192093, 12.132643], [75.181808, 12.09514], [74.866531, 12.752641], [74.996002, 12.787981]]]]}}, {"type": "Feature", "properties": {"name": "Madhya Pradesh"}, "geometry": {"type": "MultiPolygon", "coordinates": [[[[78.364647, 26.868841], [78.38974, 26.8249], [78.565849, 26.75769], [78.715347, 26.800213], [78.811386, 26.765471], [78.864929, 26.70467], [78.948143, 26.696741], [78.937912, 26.662691], [78.993179, 26.68457], [79.005661, 26.61047], [78.979622, 26.57408], [79.060936, 26.5033], [79.048462, 26.456051], [79.126762, 26.444811], [79.086823, 26.417822], [79.076797, 26.362692], [79.133743, 26.344971], [79.083572, 26.272409], [79.037033, 26.266991], [79.057053, 26.232891], [78.977379, 26.195499], [79.000717, 26.15498], [78.942673, 26.139141], [79.003151, 26.081793], [78.944328, 26.036951], [78.929527, 25.94936], [78.876381, 25.915661], [78.882683, 25.87027], [78.846626, 25.8605], [78.861923, 25.799198], [78.811249, 25.83012], [78.820503, 25.7994], [78.746819, 25.74909], [78.811333, 25.67448], [78.805191, 25.624557], [78.648621, 25.565639], [78.608627, 25.589081], [78.581192, 25.564308], [78.429337, 25.56386], [78.420723, 25.477619], [78.347588, 25.45484], [78.295517, 25.3748], [78.331291, 25.33672], [78.308029, 25.310989], [78.397758, 25.217751], [78.385361, 25.19516], [78.446457, 25.169022], [78.418297, 25.1535], [78.442917, 25.128771], [78.327766, 25.08877], [78.327538, 24.999559], [78.163803, 24.8571], [78.268478, 24.667101], [78.258888, 24.558189], [78.219719, 24.522779], [78.266876, 24.447371], [78.360947, 24.38579], [78.325996, 24.329618], [78.38237, 24.27393], [78.505371, 24.39395], [78.578438, 24.35708], [78.669121, 24.24502], [78.760277, 24.25849], [78.791687, 24.180241], [78.87886, 24.223051], [78.966873, 24.353661], [78.984383, 24.44136], [78.908592, 24.46677], [78.913811, 24.500841], [78.966393, 24.496948], [78.881721, 24.6397], [78.749466, 24.60498], [78.78054, 24.814972], [78.764481, 24.861368], [78.668396, 24.902399], [78.622047, 24.964901], [78.64193, 25.061491], [78.597168, 25.097872], [78.568581, 25.25861], [78.427361, 25.288671], [78.492172, 25.32383], [78.525078, 25.30653], [78.525146, 25.363012], [78.576218, 25.351931], [78.561127, 25.395693], [78.628586, 25.406462], [78.652718, 25.444], [78.701401, 25.42886], [78.656517, 25.42013], [78.65789, 25.38798], [78.764381, 25.3584], [78.743141, 25.412701], [78.812912, 25.430428], [78.755066, 25.433851], [78.73175, 25.50065], [78.829857, 25.465691], [78.834267, 25.432461], [78.85717, 25.46714], [78.828323, 25.509981], [78.876007, 25.524321], [78.885536, 25.56077], [78.941689, 25.551441], [78.903229, 25.446938], [78.960129, 25.43889], [78.978508, 25.376013], [78.928627, 25.351801], [78.892456, 25.375298], [78.949356, 25.40016], [78.874748, 25.387659], [78.783287, 25.303181], [78.811676, 25.299841], [78.841751, 25.22916], [78.876518, 25.34446], [78.955772, 25.347761], [78.970047, 25.28521], [78.872177, 25.25079], [78.877136, 25.162182], [78.948341, 25.220181], [78.995811, 25.195938], [78.971169, 25.244921], [79.004967, 25.27697], [79.056442, 25.22571], [79.021767, 25.14319], [79.084297, 25.19253], [79.124336, 25.11187], [79.179306, 25.117693], [79.184853, 25.151133], [79.23838, 25.116369], [79.213913, 25.14838], [79.245842, 25.161961], [79.276543, 25.12026], [79.314537, 25.151878], [79.273598, 25.248119], [79.346962, 25.214241], [79.340088, 25.27276], [79.256508, 25.27947], [79.304222, 25.339849], [79.345886, 25.33304], [79.352966, 25.265381], [79.367416, 25.294321], [79.415306, 25.25922], [79.490402, 25.27035], [79.45919, 25.269451], [79.442703, 25.212561], [79.383873, 25.17028], [79.399147, 25.113461], [79.468376, 25.134451], [79.460533, 25.096331], [79.489876, 25.08275], [79.565521, 25.177551], [79.597878, 25.131432], [79.745636, 25.143883], [79.849213, 25.096981], [79.872177, 25.148512], [79.847137, 25.2402], [79.996727, 25.26865], [80.020737, 25.343161], [80.123299, 25.33843], [80.193916, 25.416231], [80.245186, 25.40489], [80.255867, 25.428711], [80.310753, 25.387318], [80.304047, 25.288893], [80.399063, 25.24297], [80.423698, 25.174143], [80.351288, 25.144901], [80.28196, 25.063221], [80.266937, 25.030243], [80.314102, 25.00351], [80.38739, 25.012421], [80.365761, 25.05776], [80.40992, 25.076719], [80.494209, 25.045321], [80.476128, 25.102251], [80.606781, 25.07218], [80.594589, 25.155241], [80.632393, 25.123281], [80.601357, 25.104408], [80.67926, 25.08182], [80.673569, 25.054171], [80.77594, 25.061691], [80.699638, 25.13715], [80.799576, 25.146418], [80.827698, 25.11031], [80.836281, 25.19268], [80.878036, 25.195601], [80.904922, 25.160311], [80.826683, 25.03919], [80.848183, 24.99814], [80.789993, 24.971783], [80.8022, 24.94446], [80.900047, 24.939581], [80.936821, 24.9725], [80.955231, 24.925711], [81.076416, 24.952261], [81.132446, 24.892071], [81.16143, 24.958511], [81.212608, 24.934521], [81.201698, 24.995729], [81.261589, 25.06846], [81.269119, 25.16774], [81.306389, 25.165993], [81.314667, 25.116291], [81.329956, 25.172491], [81.39122, 25.123131], [81.430222, 25.133631], [81.438339, 25.110441], [81.400848, 25.107771], [81.483727, 25.07494], [81.507576, 25.10681], [81.472878, 25.137121], [81.524651, 25.143641], [81.509567, 25.187031], [81.566399, 25.195749], [81.618988, 25.159651], [81.592117, 25.136381], [81.601227, 25.10021], [81.616753, 25.12262], [81.63195, 25.10327], [81.604347, 25.060749], [81.658691, 25.079731], [81.681892, 25.043772], [81.789223, 25.010139], [81.898468, 25.009621], [81.896446, 24.892509], [81.959152, 24.83061], [82.00489, 24.850691], [82.11219, 24.792261], [82.195969, 24.82453], [82.179008, 24.804651], [82.209473, 24.78149], [82.172882, 24.739571], [82.213753, 24.728661], [82.199486, 24.752069], [82.24366, 24.775751], [82.229927, 24.66964], [82.296417, 24.670012], [82.29393, 24.613741], [82.409172, 24.59783], [82.420151, 24.705252], [82.529266, 24.65196], [82.657928, 24.700397], [82.695183, 24.644253], [82.762787, 24.64567], [82.760078, 24.599819], [82.796371, 24.59976], [82.800766, 24.552681], [82.712532, 24.556219], [82.736549, 24.499771], [82.707161, 24.38518], [82.760582, 24.373041], [82.764137, 24.292431], [82.720367, 24.13899], [82.670853, 24.15847], [82.657387, 24.134798], [82.708397, 24.080761], [82.766258, 24.077868], [82.741997, 24.0214], [82.797272, 24.00514], [82.807777, 23.963058], [82.656517, 23.907862], [82.629517, 23.839001], [82.527351, 23.82408], [82.544518, 23.794189], [82.496651, 23.785049], [82.460022, 23.811399], [82.226143, 23.806932], [82.203888, 23.852991], [82.162407, 23.81996], [82.045403, 23.820589], [82.000732, 23.86314], [81.916443, 23.87299], [81.811729, 23.8095], [81.719063, 23.840429], [81.661598, 23.925598], [81.596909, 23.889023], [81.687286, 23.72135], [81.569733, 23.58865], [81.607048, 23.506889], [81.628227, 23.49037], [81.736031, 23.56743], [81.827179, 23.51129], [81.916359, 23.532091], [81.97612, 23.413111], [82.015976, 23.42351], [82.014519, 23.387918], [82.045738, 23.377871], [82.09848, 23.397701], [82.110901, 23.355841], [82.18586, 23.32539], [82.142487, 23.227701], [82.151077, 23.141741], [82.115883, 23.1038], [81.938103, 23.07781], [81.918427, 23.040979], [81.940247, 22.95709], [81.856346, 22.89086], [81.769402, 22.873508], [81.762726, 22.663589], [81.74054, 22.648069], [81.722946, 22.67621], [81.656548, 22.632002], [81.615791, 22.539021], [81.519066, 22.539982], [81.396553, 22.44132], [81.378738, 22.505301], [81.322937, 22.52433], [81.303963, 22.48175], [81.275467, 22.499441], [81.218391, 22.451651], [81.180046, 22.49015], [81.109993, 22.44112], [81.113846, 22.29438], [81.084679, 22.24675], [81.019447, 22.229191], [81.015793, 22.13271], [80.971756, 22.121481], [81.004272, 22.070021], [80.978851, 22.048311], [80.950523, 22.11301], [80.90609, 22.114441], [80.845772, 21.960899], [80.818443, 21.956791], [80.841171, 21.856453], [80.811203, 21.747492], [80.742973, 21.757961], [80.718529, 21.711861], [80.730217, 21.472052], [80.662918, 21.337339], [80.593163, 21.324791], [80.485497, 21.397638], [80.403366, 21.37649], [80.411308, 21.438202], [80.370613, 21.520969], [80.260223, 21.62015], [80.188217, 21.634201], [80.063568, 21.554581], [79.993553, 21.534712], [79.936386, 21.556801], [79.915817, 21.524481], [79.73262, 21.60253], [79.536621, 21.544218], [79.488579, 21.674122], [79.349022, 21.67889], [79.228691, 21.723928], [79.219902, 21.65081], [79.147827, 21.660521], [79.088089, 21.59919], [78.994446, 21.61875], [78.913239, 21.59236], [78.931831, 21.4874], [78.784622, 21.48914], [78.772186, 21.467131], [78.746483, 21.49387], [78.72419, 21.46438], [78.50856, 21.528433], [78.430099, 21.501751], [78.422562, 21.60195], [78.379517, 21.61865], [78.360962, 21.578299], [78.266121, 21.59428], [78.269257, 21.570711], [78.180946, 21.558681], [78.169342, 21.498501], [77.938782, 21.386909], [77.79937, 21.4123], [77.733879, 21.364731], [77.705246, 21.35907], [77.691132, 21.39707], [77.667221, 21.37149], [77.601547, 21.393559], [77.584442, 21.364479], [77.487022, 21.37775], [77.416969, 21.53306], [77.457512, 21.55657], [77.607117, 21.54277], [77.570999, 21.56262], [77.542183, 21.701031], [77.475471, 21.771441], [77.28624, 21.762751], [77.28315, 21.72422], [77.20742, 21.69401], [77.171448, 21.727261], [77.072327, 21.722931], [76.901123, 21.600809], [76.795349, 21.59754], [76.762932, 21.52265], [76.784187, 21.46649], [76.624527, 21.3351], [76.661072, 21.282421], [76.623367, 21.192659], [76.487373, 21.19606], [76.45269, 21.114868], [76.376373, 21.077311], [76.172638, 21.0846], [76.11396, 21.16464], [76.172722, 21.18829], [76.098671, 21.373928], [76.052376, 21.352701], [75.888107, 21.39963], [75.548149, 21.37249], [75.219856, 21.41087], [75.115097, 21.45956], [75.057747, 21.564939], [74.901878, 21.63023], [74.789063, 21.610861], [74.558876, 21.682081], [74.552376, 21.718399], [74.511223, 21.726749], [74.527496, 21.908781], [74.448639, 21.97113], [74.446037, 22.02652], [74.388313, 22.02018], [74.289711, 21.935791], [74.200638, 21.92565], [74.146019, 21.95406], [74.153847, 21.98642], [74.097702, 22.015459], [74.18071, 22.086601], [74.130272, 22.09771], [74.12278, 22.2129], [74.075783, 22.221878], [74.071983, 22.360241], [74.111961, 22.371613], [74.134293, 22.332331], [74.191063, 22.32193], [74.206802, 22.36762], [74.294182, 22.394468], [74.204613, 22.437172], [74.190826, 22.47788], [74.186676, 22.444151], [74.144249, 22.456711], [74.123001, 22.420811], [74.078087, 22.465643], [74.085266, 22.508518], [74.037086, 22.49151], [74.04464, 22.542122], [74.15332, 22.51742], [74.265358, 22.644831], [74.381088, 22.638639], [74.47892, 22.858641], [74.451477, 22.924], [74.400383, 22.89938], [74.362022, 22.93309], [74.341637, 22.964691], [74.370796, 22.980053], [74.322777, 23.062691], [74.39119, 23.112], [74.512283, 23.088831], [74.669159, 23.20149], [74.745697, 23.212111], [74.745796, 23.23271], [74.695007, 23.22308], [74.722153, 23.242512], [74.701149, 23.272142], [74.553467, 23.28252], [74.518303, 23.32873], [74.61338, 23.461361], [74.845421, 23.554171], [74.93972, 23.630371], [74.907623, 23.682831], [74.940567, 23.734871], [74.905678, 23.873911], [74.992989, 24.029701], [74.881126, 24.213503], [74.894287, 24.261681], [74.752808, 24.28266], [74.858131, 24.467333], [74.711937, 24.510941], [74.817108, 24.671671], [74.775276, 24.687731], [74.799316, 24.795641], [74.892853, 24.65535], [74.999893, 24.708488], [74.993431, 24.752729], [75.021378, 24.77286], [74.878052, 24.813181], [74.848892, 24.79266], [74.83271, 24.967451], [74.900543, 24.939741], [74.944809, 24.877911], [75.043388, 24.859228], [75.118866, 24.88904], [75.115707, 24.965391], [75.164398, 24.991661], [75.159126, 25.045471], [75.345589, 25.042801], [75.313873, 24.90044], [75.275902, 24.97673], [75.293083, 24.92318], [75.261452, 24.88966], [75.311302, 24.869459], [75.424217, 24.892752], [75.417099, 24.863901], [75.305733, 24.81333], [75.278938, 24.853491], [75.227386, 24.85915], [75.249947, 24.895691], [75.208191, 24.91], [75.251923, 24.83717], [75.185516, 24.768051], [75.216949, 24.72241], [75.451897, 24.693218], [75.581902, 24.7227], [75.613327, 24.688421], [75.759682, 24.764799], [75.838753, 24.72987], [75.828148, 24.61335], [75.917397, 24.57148], [75.925041, 24.5334], [75.891052, 24.509588], [75.908997, 24.456141], [75.847252, 24.41897], [75.79113, 24.475203], [75.726883, 24.405279], [75.737923, 24.347971], [75.811203, 24.30345], [75.826881, 24.24641], [75.773506, 24.220892], [75.743492, 24.139601], [75.835793, 24.111351], [75.833763, 24.07543], [75.779617, 24.06208], [75.762039, 23.997952], [75.700409, 23.969061], [75.669197, 24.033543], [75.583839, 23.99192], [75.514381, 24.048733], [75.456497, 23.92074], [75.560623, 23.859951], [75.582527, 23.80036], [75.651833, 23.801949], [75.684479, 23.760569], [75.687401, 23.81925], [75.71785, 23.819033], [75.729111, 23.85821], [75.702332, 23.904051], [75.777061, 23.85387], [75.975822, 23.93294], [75.960182, 24.02537], [76.134697, 24.095289], [76.121323, 24.19639], [76.185486, 24.331511], [76.215569, 24.216808], [76.282776, 24.215712], [76.326897, 24.253618], [76.414436, 24.20742], [76.469948, 24.2314], [76.531433, 24.163469], [76.579727, 24.180679], [76.58802, 24.249559], [76.692963, 24.285049], [76.67421, 24.19343], [76.701141, 24.17144], [76.754997, 24.172091], [76.801117, 24.12034], [76.89994, 24.131111], [76.944443, 24.206291], [76.840179, 24.33872], [76.851326, 24.469109], [76.81459, 24.53437], [76.912872, 24.54357], [76.91465, 24.487659], [76.965317, 24.460861], [77.064697, 24.56991], [77.026657, 24.71092], [76.951736, 24.765461], [76.847298, 24.750401], [76.801582, 24.819839], [76.948921, 24.872869], [76.891228, 24.91968], [76.854347, 25.010311], [76.993729, 25.07995], [77.114456, 25.06909], [77.169579, 25.11372], [77.26226, 25.119261], [77.302856, 25.08387], [77.398529, 25.113272], [77.390709, 25.18819], [77.417992, 25.193029], [77.349663, 25.27177], [77.371788, 25.320221], [77.336418, 25.325581], [77.361343, 25.41296], [77.282982, 25.42359], [77.220261, 25.373428], [77.205147, 25.31143], [77.07547, 25.339691], [76.941826, 25.27536], [76.893227, 25.322401], [76.770096, 25.312191], [76.766731, 25.336231], [76.602547, 25.388981], [76.564278, 25.442402], [76.482391, 25.71813], [76.530617, 25.733971], [76.529312, 25.797972], [76.592728, 25.874168], [76.626602, 25.870871], [76.646126, 25.908852], [76.745468, 25.909231], [76.755913, 25.94169], [76.806313, 25.952978], [76.887779, 26.093323], [77.091682, 26.19088], [77.124031, 26.237951], [77.20311, 26.2374], [77.334671, 26.357231], [77.436768, 26.368141], [77.427719, 26.40691], [77.522881, 26.414911], [77.667686, 26.50831], [77.812996, 26.55481], [77.820412, 26.599838], [77.879387, 26.620291], [77.894577, 26.66221], [77.992218, 26.702641], [78.085739, 26.68305], [78.105522, 26.800753], [78.176117, 26.791492], [78.167572, 26.831951], [78.260887, 26.82095], [78.282066, 26.864088], [78.364647, 26.868841]]]]}}, {"type": "Feature", "properties": {"name": "Maharashtra"}, "geometry": {"type": "MultiPolygon", "coordinates": [[[[74.435547, 22.030998], [74.448639, 21.97113], [74.527496, 21.908781], [74.511757, 21.724951], [74.590553, 21.66416], [74.793083, 21.610338], [74.901878, 21.63023], [75.057747, 21.564939], [75.122978, 21.453333], [75.219856, 21.41087], [75.299629, 21.415661], [75.301903, 21.38925], [75.959396, 21.396191], [76.052376, 21.352701], [76.098671, 21.373928], [76.172722, 21.18829], [76.114319, 21.17046], [76.135666, 21.126211], [76.168648, 21.085821], [76.281769, 21.07531], [76.45269, 21.114868], [76.491173, 21.197821], [76.623367, 21.192659], [76.661072, 21.282421], [76.624527, 21.3351], [76.784187, 21.46649], [76.762932, 21.52265], [76.795349, 21.59754], [76.901123, 21.600809], [77.072327, 21.722931], [77.171448, 21.727261], [77.20742, 21.69401], [77.28315, 21.72422], [77.28624, 21.762751], [77.475471, 21.771441], [77.542183, 21.701031], [77.570999, 21.56262], [77.607117, 21.54277], [77.457512, 21.55657], [77.416969, 21.53306], [77.487022, 21.37775], [77.584442, 21.364479], [77.601547, 21.393559], [77.667221, 21.37149], [77.691132, 21.39707], [77.705246, 21.35907], [77.733879, 21.364731], [77.79937, 21.4123], [77.938782, 21.386909], [78.169342, 21.498501], [78.180946, 21.558681], [78.269257, 21.570711], [78.266121, 21.59428], [78.360962, 21.578299], [78.379517, 21.61865], [78.422562, 21.60195], [78.430099, 21.501751], [78.50856, 21.528433], [78.72419, 21.46438], [78.746483, 21.49387], [78.772186, 21.467131], [78.784622, 21.48914], [78.931831, 21.4874], [78.913239, 21.59236], [78.994446, 21.61875], [79.088089, 21.59919], [79.147827, 21.660521], [79.219902, 21.65081], [79.228691, 21.723928], [79.349022, 21.67889], [79.488579, 21.674122], [79.536621, 21.544218], [79.73262, 21.60253], [79.915817, 21.524481], [79.936386, 21.556801], [79.993553, 21.534712], [80.063568, 21.554581], [80.188217, 21.634201], [80.260223, 21.62015], [80.370613, 21.520969], [80.411308, 21.438202], [80.403366, 21.37649], [80.511406, 21.391861], [80.593163, 21.324791], [80.67379, 21.30908], [80.603447, 21.227423], [80.457298, 21.17284], [80.433319, 21.097151], [80.447342, 21.036621], [80.423759, 21.00959], [80.455559, 20.93211], [80.54184, 20.93392], [80.545532, 20.765369], [80.580116, 20.683641], [80.481598, 20.6171], [80.511902, 20.585119], [80.622322, 20.603863], [80.586021, 20.395611], [80.617767, 20.333681], [80.510826, 20.269611], [80.382957, 20.24172], [80.413986, 20.190231], [80.393837, 20.14402], [80.498032, 20.13892], [80.546158, 20.06571], [80.520378, 19.93088], [80.443703, 19.952671], [80.406296, 19.932501], [80.407677, 19.905903], [80.482651, 19.898899], [80.49752, 19.86875], [80.394707, 19.794579], [80.478088, 19.772409], [80.469162, 19.824661], [80.542427, 19.819271], [80.539673, 19.774599], [80.66584, 19.692211], [80.656853, 19.612261], [80.827606, 19.562672], [80.892067, 19.465681], [80.787933, 19.426701], [80.845009, 19.36091], [80.749237, 19.286741], [80.688606, 19.283489], [80.67189, 19.326448], [80.610153, 19.30714], [80.567818, 19.400921], [80.475586, 19.335043], [80.445427, 19.26989], [80.379181, 19.232611], [80.386673, 19.18902], [80.324852, 19.141533], [80.322113, 19.074871], [80.267723, 18.987329], [80.267639, 18.928789], [80.346222, 18.811081], [80.242157, 18.759748], [80.26754, 18.71797], [80.246666, 18.701321], [80.110817, 18.676189], [79.894012, 18.830839], [79.939003, 18.858892], [79.934486, 19.0217], [79.916107, 19.047359], [79.859589, 19.03463], [79.858047, 19.104111], [79.943207, 19.170601], [79.920166, 19.22641], [79.973053, 19.40102], [79.940208, 19.46451], [79.785423, 19.59359], [79.639717, 19.575001], [79.598053, 19.503771], [79.542656, 19.548523], [79.470421, 19.497452], [79.243866, 19.612553], [79.222939, 19.467791], [79.177788, 19.460691], [79.102867, 19.52795], [78.954552, 19.55183], [78.98053, 19.585081], [78.968956, 19.649233], [78.858803, 19.656311], [78.845627, 19.75835], [78.716446, 19.7668], [78.603653, 19.817501], [78.526268, 19.821659], [78.493919, 19.79315], [78.310196, 19.912741], [78.294128, 19.84955], [78.338997, 19.83918], [78.367737, 19.78108], [78.345276, 19.71357], [78.269722, 19.66313], [78.310989, 19.604179], [78.279106, 19.558201], [78.308891, 19.456409], [78.182167, 19.41177], [78.197151, 19.33173], [78.170059, 19.23633], [78.051132, 19.24176], [77.948921, 19.34128], [77.860878, 19.30213], [77.905708, 19.26722], [77.867386, 19.25526], [77.84655, 19.19698], [77.848137, 19.09008], [77.80265, 19.101961], [77.79718, 19.05131], [77.761688, 19.06204], [77.757393, 19.028551], [77.767357, 18.981421], [77.853729, 18.952278], [77.8405, 18.911301], [77.881577, 18.908531], [77.942551, 18.82229], [77.837463, 18.807461], [77.786438, 18.68412], [77.757629, 18.70709], [77.732857, 18.676001], [77.736511, 18.55481], [77.65757, 18.527201], [77.648811, 18.55262], [77.597267, 18.547541], [77.601067, 18.474211], [77.546196, 18.463383], [77.585213, 18.44545], [77.52594, 18.427351], [77.555206, 18.417852], [77.519501, 18.349253], [77.570229, 18.30818], [77.509506, 18.30673], [77.465393, 18.25996], [77.436371, 18.306492], [77.362526, 18.30829], [77.41011, 18.388531], [77.369751, 18.400709], [77.369629, 18.447651], [77.342079, 18.43029], [77.317413, 18.453791], [77.240227, 18.408648], [77.206177, 18.27796], [77.170532, 18.28087], [77.149986, 18.21656], [77.095543, 18.195101], [77.108887, 18.152691], [76.954109, 18.184891], [76.922562, 18.11611], [76.968277, 18.097111], [76.954643, 18.03968], [76.917717, 18.03323], [76.916443, 17.915091], [76.802803, 17.86832], [76.740677, 17.89801], [76.737457, 17.857059], [76.78817, 17.826471], [76.762756, 17.787109], [76.715706, 17.781919], [76.727608, 17.737], [76.690552, 17.679953], [76.614449, 17.768312], [76.573227, 17.702169], [76.573303, 17.76], [76.523697, 17.75889], [76.523636, 17.715231], [76.486366, 17.71352], [76.489296, 17.660669], [76.428726, 17.644411], [76.415672, 17.6042], [76.331673, 17.59487], [76.366127, 17.522173], [76.343483, 17.49435], [76.375038, 17.493521], [76.330803, 17.468819], [76.333656, 17.432293], [76.373177, 17.43442], [76.362, 17.37508], [76.408066, 17.369289], [76.381706, 17.31181], [76.352272, 17.310591], [76.343613, 17.349932], [76.275879, 17.33053], [76.244362, 17.37468], [76.172333, 17.34873], [76.175758, 17.297211], [76.121208, 17.366341], [76.078743, 17.33007], [76.054527, 17.3543], [75.931152, 17.32411], [75.893661, 17.353621], [75.887238, 17.41733], [75.861969, 17.385851], [75.824722, 17.42285], [75.802338, 17.370102], [75.737038, 17.4219], [75.691193, 17.412611], [75.63559, 17.47751], [75.615807, 17.391859], [75.578537, 17.382931], [75.605957, 17.303261], [75.659889, 17.26144], [75.628021, 17.17012], [75.67849, 17.094172], [75.643753, 17.0364], [75.672241, 17.03573], [75.674606, 16.96027], [75.645027, 16.951033], [75.575798, 17.007799], [75.570343, 16.963621], [75.492493, 16.9429], [75.467911, 16.985331], [75.288437, 16.954773], [75.282776, 16.874241], [75.215858, 16.84034], [75.141129, 16.873541], [75.090416, 16.94865], [75.031906, 16.925671], [74.938393, 16.94099], [74.967262, 16.90538], [74.911957, 16.85594], [74.92382, 16.769951], [74.698196, 16.7152], [74.660507, 16.637581], [74.690376, 16.60446], [74.642807, 16.606771], [74.636368, 16.575741], [74.574051, 16.55197], [74.551437, 16.633211], [74.498009, 16.62664], [74.477386, 16.66078], [74.472458, 16.604811], [74.403481, 16.578671], [74.389923, 16.527901], [74.329407, 16.553471], [74.314117, 16.502098], [74.271553, 16.53866], [74.285759, 16.50337], [74.253159, 16.494881], [74.268776, 16.47603], [74.299896, 16.50263], [74.296318, 16.459011], [74.338867, 16.452162], [74.342651, 16.400492], [74.36911, 16.394329], [74.361656, 16.36475], [74.325462, 16.37925], [74.333839, 16.26807], [74.353287, 16.29184], [74.421227, 16.28059], [74.513298, 16.201229], [74.48909, 16.08732], [74.434593, 16.11062], [74.368156, 16.052959], [74.470276, 16.040541], [74.391869, 15.901159], [74.411583, 15.852591], [74.374123, 15.89161], [74.344536, 15.852051], [74.389313, 15.84414], [74.364853, 15.773651], [74.250069, 15.74118], [74.227348, 15.785671], [74.130623, 15.717921], [74.133598, 15.678401], [74.096527, 15.67085], [74.122757, 15.645221], [74.027931, 15.6046], [73.975983, 15.628942], [73.945366, 15.741522], [73.882446, 15.749351], [73.873497, 15.795321], [73.797569, 15.725092], [73.677086, 15.725417], [73.590416, 15.912361], [73.509857, 15.937361], [73.454865, 16.05514], [73.447365, 16.224583], [73.429863, 16.199032], [73.410973, 16.27347], [73.435699, 16.28653], [73.410423, 16.27792], [73.385406, 16.336531], [73.411247, 16.362083], [73.36792, 16.36347], [73.405418, 16.404861], [73.365417, 16.397638], [73.316246, 16.51347], [73.318176, 16.556528], [73.34903, 16.504301], [73.390137, 16.514311], [73.345703, 16.556528], [73.394028, 16.552641], [73.316803, 16.600969], [73.352638, 16.596531], [73.30542, 16.729305], [73.333191, 16.81653], [73.295418, 16.816792], [73.285698, 16.880701], [73.313469, 16.88903], [73.277084, 16.892084], [73.294304, 16.985971], [73.254303, 17.027361], [73.265976, 17.04764], [73.289307, 17.006821], [73.284309, 17.040138], [73.319862, 17.038195], [73.278473, 17.040419], [73.298195, 17.078472], [73.189308, 17.29792], [73.227638, 17.28153], [73.244026, 17.307362], [73.167084, 17.405138], [73.205696, 17.43903], [73.137085, 17.555973], [73.168472, 17.582361], [73.127083, 17.637081], [73.135139, 17.716249], [73.087357, 17.838751], [73.132637, 17.830139], [73.05014, 17.906807], [73.092361, 17.940695], [73.029602, 17.944311], [73.038193, 17.98431], [73.002083, 18.02125], [73.045418, 18.041531], [72.989861, 18.05514], [72.98764, 18.195141], [72.930969, 18.220417], [72.935417, 18.28153], [72.964577, 18.28014], [72.981529, 18.242081], [73.069305, 18.222082], [73.055695, 18.187084], [73.088196, 18.151527], [73.042923, 18.297079], [73.08625, 18.287916], [73.087906, 18.326811], [73.027916, 18.264305], [72.914017, 18.354853], [72.895416, 18.472643], [72.904587, 18.539305], [72.928467, 18.541811], [72.855141, 18.69681], [72.869308, 18.804583], [72.916252, 18.79236], [72.940697, 18.827921], [72.970413, 18.78986], [72.982643, 18.80958], [72.988747, 18.865973], [72.926529, 18.850971], [72.907913, 18.902084], [72.957642, 18.908472], [72.955696, 18.97403], [73.032349, 18.99931], [72.963196, 19.058472], [72.909302, 18.991249], [72.862076, 19.002918], [72.80764, 18.89097], [72.823471, 18.94153], [72.791817, 18.950701], [72.838196, 19.039282], [72.815971, 19.04236], [72.803467, 19.141533], [72.829865, 19.182364], [72.793472, 19.12986], [72.780136, 19.16625], [72.839577, 19.267361], [72.782364, 19.193195], [72.799026, 19.331251], [72.757637, 19.375973], [72.744583, 19.462921], [72.786247, 19.525972], [72.764862, 19.504305], [72.718193, 19.53875], [72.712639, 19.59597], [72.737923, 19.597919], [72.693748, 19.729313], [72.719307, 19.75514], [72.693466, 19.735691], [72.695686, 19.804861], [72.650696, 19.854311], [72.681252, 19.865139], [72.664307, 19.93292], [72.69014, 19.958195], [72.719856, 19.968752], [72.75486, 19.927361], [72.716248, 19.972361], [72.707642, 20.070141], [72.73764, 20.136539], [72.835342, 20.144642], [72.874542, 20.225809], [72.970428, 20.21233], [72.973228, 20.1308], [73.017479, 20.134958], [73.045273, 20.071781], [73.09845, 20.09367], [73.181442, 20.05162], [73.232643, 20.1406], [73.259468, 20.12464], [73.293633, 20.153881], [73.31115, 20.207211], [73.426826, 20.201571], [73.436943, 20.282122], [73.39135, 20.3902], [73.50074, 20.540241], [73.401581, 20.64921], [73.458687, 20.714319], [73.482613, 20.71723], [73.498436, 20.653419], [73.538376, 20.673861], [73.670708, 20.56234], [73.838287, 20.615761], [73.822647, 20.693821], [73.949532, 20.74231], [73.906448, 20.98315], [73.774857, 21.01045], [73.742188, 21.0555], [73.752609, 21.11409], [73.659943, 21.108379], [73.588303, 21.1679], [73.613167, 21.17606], [73.636398, 21.13266], [73.822548, 21.171921], [73.832138, 21.26745], [73.948486, 21.29755], [73.952843, 21.40237], [74.048546, 21.41943], [74.067162, 21.481932], [74.108986, 21.448023], [74.305916, 21.479391], [74.335518, 21.54023], [74.309967, 21.567322], [74.205238, 21.529211], [74.182869, 21.56156], [74.069206, 21.559509], [73.860786, 21.495823], [73.787613, 21.62505], [73.885628, 21.64506], [73.896362, 21.700281], [73.810516, 21.823338], [74.138161, 21.953371], [74.201637, 21.925529], [74.290649, 21.93606], [74.304398, 21.969179], [74.435547, 22.030998]]]]}}, {"type": "Feature", "properties": {"name": "Manipur"}, "geometry": {"type": "MultiPolygon", "coordinates": [[[[94.577232, 25.648331], [94.557419, 25.51277], [94.682426, 25.45973], [94.63118, 25.387291], [94.585358, 25.21575], [94.745659, 25.136591], [94.74221, 25.025249], [94.70314, 24.978271], [94.71907, 24.942471], [94.637848, 24.84236], [94.610847, 24.722113], [94.550987, 24.716539], [94.531487, 24.632391], [94.403419, 24.48778], [94.403908, 24.421141], [94.365341, 24.399679], [94.383369, 24.37941], [94.326347, 24.338949], [94.161461, 23.852779], [94.122643, 23.84273], [94.096092, 23.893572], [93.953781, 23.950199], [93.815987, 23.929829], [93.756943, 24.009493], [93.620659, 24.01424], [93.603462, 23.969591], [93.563538, 23.989578], [93.508713, 23.9489], [93.424736, 24.071711], [93.351433, 24.112419], [93.337372, 24.0534], [93.255287, 24.02379], [93.248016, 24.085339], [93.216736, 24.05006], [93.142197, 24.086788], [93.100922, 24.04509], [93.079491, 24.10297], [92.976379, 24.11482], [93.043373, 24.34339], [93.000496, 24.403271], [93.039169, 24.411131], [93.061119, 24.574833], [93.106979, 24.583561], [93.075417, 24.59623], [93.104706, 24.675343], [93.075867, 24.71039], [93.109787, 24.80974], [93.152946, 24.78978], [93.197357, 24.81126], [93.262413, 24.95137], [93.24884, 25.018801], [93.335777, 25.09584], [93.403572, 25.263071], [93.474022, 25.30928], [93.505142, 25.244131], [93.55471, 25.250528], [93.608017, 25.202051], [93.69278, 25.361589], [93.808998, 25.46559], [93.804047, 25.499029], [93.765793, 25.499901], [93.770638, 25.540279], [93.836487, 25.563061], [93.965218, 25.556578], [94.014732, 25.59613], [94.09211, 25.53273], [94.19487, 25.552429], [94.214851, 25.50024], [94.308983, 25.493801], [94.420273, 25.54265], [94.430023, 25.592722], [94.505371, 25.616993], [94.573013, 25.697651], [94.596947, 25.686911], [94.577232, 25.648331]]]]}}, {"type": "Feature", "properties": {"name": "Meghalaya"}, "geometry": {"type": "MultiPolygon", "coordinates": [[[[91.853836, 26.10479], [91.922096, 25.999531], [92.178307, 26.07951], [92.301582, 26.07649], [92.156319, 25.944799], [92.163696, 25.911791], [92.225479, 25.907049], [92.153107, 25.81275], [92.160698, 25.67186], [92.385101, 25.753563], [92.433167, 25.731453], [92.432137, 25.69101], [92.501709, 25.622931], [92.557617, 25.611988], [92.572502, 25.560421], [92.653458, 25.59218], [92.644699, 25.537441], [92.567413, 25.46747], [92.59816, 25.471651], [92.609093, 25.416571], [92.654282, 25.435341], [92.78437, 25.332539], [92.764648, 25.24935], [92.803566, 25.217239], [92.666908, 25.177061], [92.621643, 25.117701], [92.524666, 25.14003], [92.542946, 25.0996], [92.484299, 25.108061], [92.463257, 25.037128], [92.425903, 25.03182], [92.07177, 25.189623], [91.752876, 25.179821], [91.744003, 25.15122], [91.644531, 25.122721], [91.605583, 25.145802], [91.617416, 25.175911], [91.474068, 25.13386], [91.273788, 25.204308], [90.866959, 25.15612], [90.785423, 25.183969], [90.739281, 25.15443], [90.673012, 25.166641], [90.671173, 25.19729], [90.452362, 25.144503], [90.34153, 25.193501], [90.115196, 25.226921], [89.971237, 25.303061], [89.834267, 25.29567], [89.821663, 25.385361], [89.879959, 25.48864], [89.870102, 25.544222], [90.01844, 25.608391], [89.895416, 25.74412], [89.93351, 25.744551], [89.94458, 25.824478], [90.008316, 25.84683], [90.004738, 25.878681], [90.118652, 25.96126], [90.18251, 25.94445], [90.324341, 25.97438], [90.36499, 26.010321], [90.428627, 25.98904], [90.477287, 26.015261], [90.534462, 25.958021], [90.512543, 25.89624], [90.582458, 25.959791], [90.629013, 25.937429], [90.624809, 25.898899], [90.686043, 25.950809], [90.747437, 25.957321], [90.74054, 25.915211], [90.778061, 25.908291], [90.809891, 25.95216], [90.88298, 25.95175], [90.919113, 25.913311], [90.942749, 25.947571], [90.967453, 25.88718], [91.029221, 25.888048], [91.000786, 25.82225], [91.19648, 25.859011], [91.179932, 25.77632], [91.191986, 25.729582], [91.223877, 25.723419], [91.275627, 25.746941], [91.333557, 25.83884], [91.525406, 25.87289], [91.474762, 25.871231], [91.531326, 25.923712], [91.501633, 25.920761], [91.575836, 26.03311], [91.632156, 26.022409], [91.611153, 25.93992], [91.669312, 25.90539], [91.720177, 25.954071], [91.731262, 26.05921], [91.819313, 26.11874], [91.853836, 26.10479]]]]}}, {"type": "Feature", "properties": {"name": "Mizoram"}, "geometry": {"type": "MultiPolygon", "coordinates": [[[[92.800797, 24.41905], [92.832703, 24.376369], [92.911537, 24.412901], [93.024353, 24.390471], [93.026588, 24.232632], [92.976379, 24.11482], [93.079491, 24.10297], [93.100922, 24.04509], [93.147911, 24.088091], [93.216736, 24.05006], [93.248016, 24.085339], [93.255287, 24.02379], [93.337372, 24.0534], [93.334427, 23.98695], [93.39872, 23.930281], [93.405289, 23.761591], [93.444702, 23.682428], [93.397186, 23.433311], [93.414238, 23.388012], [93.365807, 23.354481], [93.393646, 23.138613], [93.297722, 23.005798], [93.253197, 23.006481], [93.19445, 23.06031], [93.132942, 23.047501], [93.16835, 22.91913], [93.138756, 22.913179], [93.099266, 22.81041], [93.091751, 22.709341], [93.144371, 22.59886], [93.111687, 22.53179], [93.190811, 22.427259], [93.20858, 22.261068], [93.14711, 22.24654], [93.154411, 22.17819], [93.046661, 22.19762], [93.065567, 22.102053], [93.013268, 22.102211], [93.009247, 21.983931], [92.955803, 22.029921], [92.910889, 21.94623], [92.867737, 22.065363], [92.717888, 22.15263], [92.693558, 22.07725], [92.683838, 22.105349], [92.684357, 22.01791], [92.60968, 21.976837], [92.570419, 22.129122], [92.609978, 22.121309], [92.613892, 22.172941], [92.526978, 22.676161], [92.447533, 22.893591], [92.375427, 22.934881], [92.393669, 23.058168], [92.361099, 23.237537], [92.40863, 23.24608], [92.281441, 23.630051], [92.29525, 23.692699], [92.259399, 23.814991], [92.286789, 23.81678], [92.27475, 23.849058], [92.320198, 23.865829], [92.331146, 23.911802], [92.311447, 23.960583], [92.336838, 24.14679], [92.296608, 24.25173], [92.422379, 24.253111], [92.418976, 24.194361], [92.465973, 24.13475], [92.529663, 24.174801], [92.550636, 24.245899], [92.611588, 24.253349], [92.624283, 24.332651], [92.690666, 24.354801], [92.765198, 24.520849], [92.800797, 24.41905]]]]}}, {"type": "Feature", "properties": {"name": "Nagaland"}, "geometry": {"type": "MultiPolygon", "coordinates": [[[[95.214447, 26.936951], [95.233856, 26.890841], [95.184502, 26.86483], [95.244919, 26.787331], [95.216141, 26.735319], [95.237633, 26.686291], [95.154709, 26.61949], [95.066307, 26.456779], [95.135742, 26.387833], [95.120567, 26.109741], [95.185699, 26.080351], [95.106468, 25.968151], [95.021866, 25.91], [95.052528, 25.762659], [94.937576, 25.669031], [94.888977, 25.593111], [94.904991, 25.56711], [94.849442, 25.56069], [94.812492, 25.495371], [94.632973, 25.465658], [94.557419, 25.51277], [94.55574, 25.585812], [94.5952, 25.64385], [94.573013, 25.697651], [94.505371, 25.616993], [94.430023, 25.592722], [94.420273, 25.54265], [94.313538, 25.494471], [94.214851, 25.50024], [94.19487, 25.552429], [94.09211, 25.53273], [94.014732, 25.59613], [93.965218, 25.556578], [93.836487, 25.563061], [93.770638, 25.540279], [93.765793, 25.499901], [93.804047, 25.499029], [93.808998, 25.46559], [93.69278, 25.361589], [93.612579, 25.20619], [93.55471, 25.250528], [93.505142, 25.244131], [93.451889, 25.344191], [93.478218, 25.379883], [93.461868, 25.434698], [93.39592, 25.464121], [93.331741, 25.54681], [93.499916, 25.656521], [93.57325, 25.760799], [93.705482, 25.848631], [93.687683, 25.909441], [93.773018, 25.966021], [93.795761, 25.81435], [93.979393, 25.91968], [93.954887, 26.00733], [94.004807, 26.173271], [94.108047, 26.326401], [94.175507, 26.344219], [94.186546, 26.46051], [94.276741, 26.55884], [94.316513, 26.462931], [94.399452, 26.53232], [94.407867, 26.61433], [94.462502, 26.63546], [94.464523, 26.667511], [94.545059, 26.710901], [94.574692, 26.691021], [94.604149, 26.739281], [94.653389, 26.723631], [94.756371, 26.772268], [94.923767, 26.950331], [95.021347, 26.9254], [95.195518, 27.04295], [95.214447, 26.936951]]]]}}, {"type": "Feature", "properties": {"name": "Odisha"}, "geometry": {"type": "MultiPolygon", "coordinates": [[[[86.078346, 22.530411], [86.111923, 22.482931], [86.279823, 22.44552], [86.352737, 22.345421], [86.433357, 22.30154], [86.499947, 22.340952], [86.532379, 22.298191], [86.72097, 22.216841], [86.715446, 22.143492], [86.790321, 22.15394], [86.832008, 22.09511], [86.967056, 22.077751], [87.026047, 22.028749], [86.997932, 21.907501], [87.030243, 21.865311], [87.094643, 21.86034], [87.093536, 21.9079], [87.158287, 21.93055], [87.167442, 21.97341], [87.234848, 21.95438], [87.271561, 21.8034], [87.439308, 21.76436], [87.466057, 21.725191], [87.48111, 21.607779], [87.379997, 21.545555], [87.200897, 21.548491], [87.106949, 21.517735], [86.910843, 21.340281], [86.822502, 21.19389], [86.83667, 21.09971], [86.970276, 20.82333], [86.957497, 20.784719], [86.881386, 20.797503], [86.827766, 20.771669], [86.755699, 20.613344], [86.773613, 20.645281], [86.820557, 20.639584], [86.802238, 20.675211], [86.844658, 20.650763], [86.933937, 20.710711], [87.045189, 20.709484], [86.885002, 20.61639], [86.733887, 20.479166], [86.729431, 20.404881], [86.788887, 20.369722], [86.769173, 20.331112], [86.68, 20.263332], [86.671112, 20.282223], [86.679733, 20.258051], [86.459999, 20.162222], [86.491112, 20.15777], [86.47139, 20.0975], [86.558891, 20.20056], [86.411766, 20.05554], [86.387497, 19.976389], [86.342216, 19.986391], [86.290466, 20.060982], [86.247856, 20.053188], [86.236656, 20.026951], [86.294945, 20.02442], [86.302666, 19.983543], [86.341026, 19.97238], [86.317497, 19.949165], [86.362663, 19.95278], [86.227783, 19.90361], [86.222527, 19.925621], [86.227966, 19.900881], [86.095146, 19.859911], [85.904999, 19.832222], [85.419197, 19.62307], [84.905693, 19.269583], [84.777916, 19.11014], [84.725418, 19.096531], [84.73542, 19.143751], [84.703186, 19.120701], [84.719032, 19.095844], [84.705223, 19.14901], [84.665016, 19.156731], [84.661171, 19.121861], [84.591843, 19.12384], [84.664589, 19.066292], [84.612717, 19.054831], [84.590118, 19.01338], [84.566139, 19.065039], [84.471657, 18.98122], [84.415131, 19.013861], [84.42939, 18.913683], [84.365318, 18.896259], [84.387627, 18.877668], [84.351448, 18.8832], [84.362411, 18.851061], [84.336021, 18.866711], [84.344101, 18.811941], [84.312492, 18.77919], [84.216713, 18.787281], [84.081779, 18.74464], [84.027061, 18.8022], [83.886879, 18.805408], [83.788307, 19.007811], [83.739563, 18.978441], [83.780067, 18.907721], [83.745827, 18.918173], [83.705742, 18.985241], [83.723251, 19.0119], [83.623283, 19.153631], [83.578766, 19.049789], [83.546432, 19.07383], [83.531387, 19.005421], [83.495399, 19.011091], [83.505386, 19.064772], [83.459396, 19.069672], [83.477966, 19.021191], [83.448517, 18.999632], [83.455482, 18.94558], [83.408852, 18.996191], [83.305267, 18.989681], [83.32901, 18.916908], [83.345757, 18.9571], [83.380226, 18.923283], [83.346611, 18.92687], [83.411339, 18.859341], [83.396301, 18.830709], [83.279503, 18.7896], [83.266098, 18.75701], [83.219391, 18.76582], [83.205063, 18.71586], [83.132957, 18.772449], [83.009682, 18.63653], [83.008041, 18.588421], [83.053947, 18.58647], [83.032478, 18.54789], [83.089333, 18.53791], [83.015411, 18.444429], [83.05983, 18.428633], [83.053391, 18.375299], [82.902748, 18.355911], [82.884613, 18.41276], [82.799171, 18.439402], [82.767052, 18.331079], [82.658836, 18.28661], [82.626877, 18.228741], [82.580742, 18.2701], [82.60051, 18.36871], [82.535156, 18.389561], [82.553772, 18.437651], [82.530151, 18.434311], [82.523132, 18.503929], [82.474007, 18.536833], [82.36129, 18.40991], [82.38443, 18.36911], [82.334442, 18.317133], [82.393013, 18.30644], [82.306099, 18.19566], [82.364296, 18.134859], [82.333366, 18.14238], [82.329773, 18.040411], [82.297897, 18.06196], [82.258156, 18.03487], [82.26725, 17.986441], [82.113266, 18.057821], [82.024658, 18.05788], [81.703171, 17.86113], [81.663063, 17.87693], [81.611153, 17.815363], [81.384972, 17.806593], [81.393829, 17.885139], [81.437256, 17.875938], [81.47731, 17.97002], [81.527962, 18.259081], [81.658669, 18.311098], [81.658096, 18.339291], [81.744911, 18.34535], [81.7621, 18.41131], [81.857941, 18.51306], [81.9086, 18.564228], [81.946907, 18.559151], [81.954529, 18.58671], [81.885376, 18.65033], [81.947441, 18.62882], [81.967682, 18.690613], [82.078583, 18.712082], [82.081413, 18.755871], [82.161148, 18.79096], [82.172729, 18.895288], [82.239563, 18.91046], [82.194092, 19.060221], [82.212112, 19.090549], [82.159782, 19.12648], [82.178787, 19.158859], [82.151726, 19.265463], [82.183167, 19.3197], [82.140831, 19.361919], [82.18306, 19.41761], [82.119308, 19.423901], [82.092079, 19.50984], [82.022392, 19.501802], [82.05983, 19.783098], [81.980148, 19.79578], [81.960373, 19.854738], [81.849632, 19.908051], [81.866539, 20.036039], [81.941353, 20.102251], [82.024406, 20.01004], [82.057899, 20.04987], [82.178467, 19.978083], [82.230629, 19.998081], [82.339447, 19.829962], [82.44239, 19.902983], [82.593498, 19.86454], [82.58506, 19.771049], [82.645737, 19.825371], [82.702713, 19.831039], [82.707489, 19.990219], [82.598366, 19.98564], [82.390862, 20.059589], [82.378929, 20.14463], [82.42923, 20.282963], [82.393776, 20.335522], [82.429169, 20.425753], [82.324013, 20.553881], [82.368233, 20.62406], [82.335129, 20.758518], [82.346619, 20.883848], [82.459053, 20.823841], [82.485672, 20.903511], [82.622307, 21.03657], [82.635941, 21.14945], [82.788849, 21.139273], [82.95607, 21.175489], [83.119843, 21.101061], [83.192749, 21.139441], [83.218353, 21.26012], [83.267677, 21.268578], [83.27002, 21.375038], [83.402657, 21.348431], [83.334633, 21.49555], [83.380722, 21.612751], [83.441231, 21.649273], [83.452759, 21.60519], [83.484543, 21.625563], [83.419746, 21.67502], [83.484131, 21.741552], [83.467178, 21.78274], [83.490913, 21.814541], [83.536568, 21.79393], [83.531242, 21.8319], [83.584473, 21.843601], [83.600479, 21.910841], [83.535172, 21.963501], [83.532448, 22.034048], [83.600319, 22.06551], [83.557266, 22.099979], [83.626282, 22.205858], [83.7528, 22.242861], [83.861008, 22.343781], [84.004211, 22.367661], [84.041557, 22.464109], [83.976097, 22.502211], [83.994293, 22.528811], [84.134926, 22.470949], [84.152489, 22.40093], [84.289223, 22.33732], [84.426086, 22.34881], [84.526627, 22.420021], [84.743851, 22.414751], [84.752693, 22.442013], [84.807793, 22.446861], [84.893799, 22.418011], [85.062492, 22.478411], [85.074059, 22.348591], [85.114456, 22.290489], [85.070511, 22.27216], [84.987427, 22.076738], [85.0439, 22.110701], [85.095436, 22.099451], [85.210747, 22.04318], [85.230942, 22.000271], [85.300079, 22.107059], [85.361382, 22.121441], [85.363197, 22.15457], [85.591087, 22.07444], [85.644608, 22.090281], [85.681503, 22.04878], [85.802048, 22.11083], [85.830757, 22.076971], [85.787941, 22.07719], [85.76075, 21.989719], [85.905426, 21.966631], [86.026718, 22.185223], [85.969788, 22.243401], [86.043289, 22.30619], [85.992882, 22.33816], [86.0215, 22.381762], [85.958138, 22.476181], [86.03849, 22.563589], [86.078346, 22.530411]]]]}}, {"type": "Feature", "properties": {"name": "Punjab"}, "geometry": {"type": "MultiPolygon", "coordinates": [[[[75.868767, 32.488682], [75.932167, 32.416821], [75.84388, 32.379311], [75.736397, 32.273762], [75.622543, 32.23468], [75.620216, 32.185169], [75.661827, 32.164669], [75.578758, 32.08168], [75.689819, 32.061531], [75.894547, 31.9498], [75.971466, 31.814548], [75.921829, 31.817181], [76.153496, 31.414013], [76.135033, 31.361759], [76.172829, 31.30674], [76.296097, 31.319201], [76.336662, 31.35302], [76.315842, 31.402378], [76.363136, 31.441351], [76.448273, 31.30599], [76.431137, 31.282841], [76.466713, 31.310211], [76.518112, 31.26231], [76.53717, 31.283951], [76.53495, 31.25535], [76.570503, 31.280149], [76.601616, 31.25091], [76.580612, 31.216352], [76.625946, 31.227091], [76.590393, 31.182859], [76.589317, 31.127701], [76.625732, 31.110243], [76.610069, 31.00423], [76.712601, 30.963421], [76.846786, 30.792521], [76.801453, 30.76277], [76.750923, 30.796848], [76.690681, 30.74666], [76.73848, 30.689152], [76.819809, 30.685829], [76.834793, 30.655821], [76.862228, 30.679272], [76.858582, 30.640631], [76.913429, 30.599703], [76.888847, 30.441111], [76.927299, 30.388639], [76.880226, 30.359701], [76.832458, 30.433882], [76.808456, 30.41186], [76.757866, 30.43889], [76.70015, 30.393612], [76.738533, 30.35965], [76.715157, 30.332911], [76.547638, 30.264921], [76.532532, 30.227131], [76.584, 30.256531], [76.638916, 30.20594], [76.601051, 30.080231], [76.452087, 30.10071], [76.410202, 30.20229], [76.380997, 30.183241], [76.390007, 30.127541], [76.325882, 30.14924], [76.348923, 30.127661], [76.322899, 30.108221], [76.203873, 30.158901], [76.190613, 30.13496], [76.254997, 30.10458], [76.190918, 30.016413], [76.203873, 29.94412], [76.16629, 29.928659], [76.184639, 29.88858], [76.242012, 29.869028], [76.116386, 29.7964], [76.077667, 29.805773], [76.041481, 29.748781], [75.87928, 29.74707], [75.829018, 29.812321], [75.771622, 29.82539], [75.705933, 29.80862], [75.697449, 29.755211], [75.625359, 29.77323], [75.568787, 29.74262], [75.444267, 29.80785], [75.33535, 29.69385], [75.350449, 29.659281], [75.317726, 29.6707], [75.280563, 29.610109], [75.296066, 29.568081], [75.22348, 29.546171], [75.221237, 29.60655], [75.157837, 29.66271], [75.23098, 29.752068], [75.182343, 29.838701], [75.154053, 29.781019], [75.090179, 29.806662], [75.084801, 29.91514], [75.065483, 29.87904], [74.989929, 29.856461], [74.915733, 29.94916], [74.885239, 29.93911], [74.881493, 29.968349], [74.801178, 29.992573], [74.690788, 29.969271], [74.639633, 29.90395], [74.524643, 29.951561], [73.891182, 29.97007], [73.881866, 30.01124], [73.966652, 30.121189], [73.968109, 30.184299], [73.957848, 30.26169], [73.873215, 30.383438], [73.988518, 30.50456], [74.077614, 30.529362], [74.090996, 30.612791], [74.281807, 30.730234], [74.262207, 30.76803], [74.297379, 30.78273], [74.316147, 30.847582], [74.363007, 30.845806], [74.365524, 30.885406], [74.538116, 30.993542], [74.558395, 31.067526], [74.622513, 31.047022], [74.694427, 31.09544], [74.677322, 31.13061], [74.62146, 31.137032], [74.592369, 31.13335], [74.592796, 31.087408], [74.551933, 31.085621], [74.504593, 31.13851], [74.511116, 31.272331], [74.642067, 31.459961], [74.5662, 31.500839], [74.600906, 31.567839], [74.517281, 31.722912], [74.599106, 31.885111], [74.703262, 31.924898], [74.709198, 31.957949], [74.809143, 31.955139], [74.862251, 32.045109], [74.914261, 32.06522], [75.004929, 32.028755], [75.116257, 32.082809], [75.164452, 32.06797], [75.19532, 32.11665], [75.239166, 32.087151], [75.314232, 32.159187], [75.314201, 32.214909], [75.363152, 32.23468], [75.325302, 32.342842], [75.472237, 32.34005], [75.498947, 32.27533], [75.529213, 32.348881], [75.711533, 32.418159], [75.872543, 32.576191], [75.868767, 32.488682]]]]}}, {"type": "Feature", "properties": {"name": "Rajasthan"}, "geometry": {"type": "MultiPolygon", "coordinates": [[[[73.889442, 29.97761], [74.519066, 29.94335], [74.505028, 29.907761], [74.553566, 29.865641], [74.465263, 29.78755], [74.472, 29.74403], [74.6054, 29.75288], [74.566536, 29.563499], [74.614403, 29.527111], [74.578911, 29.45862], [74.529106, 29.449539], [74.595779, 29.328312], [74.641823, 29.3312], [74.650177, 29.37237], [74.756638, 29.355961], [74.841133, 29.40407], [74.927147, 29.364639], [74.95311, 29.28194], [75.039917, 29.287149], [75.078079, 29.23245], [75.179993, 29.26862], [75.223457, 29.234951], [75.319267, 29.29344], [75.314926, 29.23596], [75.395706, 29.26194], [75.40065, 29.18891], [75.361153, 29.14262], [75.39621, 29.128441], [75.380653, 29.07032], [75.43026, 29.06472], [75.434738, 29.016541], [75.511101, 29.01083], [75.516518, 28.975389], [75.467079, 28.92625], [75.55571, 28.614592], [75.61805, 28.602209], [75.629097, 28.545971], [75.778229, 28.457611], [75.770317, 28.407619], [75.922379, 28.36891], [76.018723, 28.280958], [76.011192, 28.241751], [76.092888, 28.155218], [76.027748, 28.172722], [75.936089, 28.093531], [75.982063, 28.080221], [75.98455, 28.050741], [76.015648, 28.088852], [76.035629, 28.07398], [75.969986, 28.030949], [75.99054, 28.010172], [75.956398, 28.00102], [75.986908, 27.984631], [75.963173, 27.936951], [75.923622, 27.93309], [75.977386, 27.90926], [75.963081, 27.864731], [76.088066, 27.868448], [76.17292, 27.807461], [76.223282, 27.840931], [76.166458, 27.91507], [76.179466, 27.972841], [76.154938, 27.998991], [76.213829, 28.031681], [76.177338, 28.059259], [76.264923, 28.068741], [76.297157, 28.025961], [76.3368, 28.029661], [76.354599, 28.074202], [76.297401, 28.101049], [76.355606, 28.12845], [76.288857, 28.182673], [76.37677, 28.138071], [76.470993, 28.154741], [76.497803, 28.106621], [76.44857, 28.09317], [76.497658, 28.064732], [76.453728, 28.049669], [76.538521, 28.03912], [76.538193, 27.970541], [76.660072, 28.019051], [76.64785, 28.092211], [76.791489, 28.157242], [76.805809, 28.215891], [76.899849, 28.204769], [76.884048, 28.19166], [76.961761, 28.144011], [76.918648, 27.99761], [76.926643, 27.834221], [76.903778, 27.832661], [76.884079, 27.730909], [76.914566, 27.700821], [76.88092, 27.699369], [76.902626, 27.65852], [76.970497, 27.657143], [76.993538, 27.741701], [77.079216, 27.738411], [77.020668, 27.77812], [77.038277, 27.820042], [77.126526, 27.776461], [77.193848, 27.821939], [77.231743, 27.785801], [77.262497, 27.816111], [77.295387, 27.799841], [77.297607, 27.718681], [77.333939, 27.70792], [77.342766, 27.657202], [77.311211, 27.611691], [77.350113, 27.593401], [77.335136, 27.530022], [77.429596, 27.462049], [77.431892, 27.399158], [77.574547, 27.326731], [77.614113, 27.34339], [77.591667, 27.300558], [77.672997, 27.200361], [77.605118, 27.16848], [77.590782, 27.123081], [77.498413, 27.09519], [77.52137, 27.067223], [77.565681, 27.078011], [77.557396, 27.0369], [77.627403, 27.015501], [77.673317, 27.051559], [77.703583, 27.000311], [77.755013, 27.02276], [77.736343, 26.98822], [77.42247, 26.86702], [77.428596, 26.770111], [77.464317, 26.76955], [77.448311, 26.74675], [77.493347, 26.766991], [77.497978, 26.84795], [77.520691, 26.822008], [77.604507, 26.832802], [77.715843, 26.88133], [77.75338, 26.937738], [77.890106, 26.88946], [77.89994, 26.924549], [78.00666, 26.910662], [78.022026, 26.86087], [78.042236, 26.915421], [78.101471, 26.904989], [78.114899, 26.954861], [78.215897, 26.953951], [78.262238, 26.923512], [78.22657, 26.882629], [78.191139, 26.888611], [78.213951, 26.84852], [78.16095, 26.82704], [78.179756, 26.79357], [78.099831, 26.797009], [78.116058, 26.75462], [78.085739, 26.68305], [77.992218, 26.702641], [77.894577, 26.66221], [77.879387, 26.620291], [77.820412, 26.599838], [77.812996, 26.55481], [77.667686, 26.50831], [77.522881, 26.414911], [77.427719, 26.40691], [77.436768, 26.368141], [77.334671, 26.357231], [77.20311, 26.2374], [77.124031, 26.237951], [77.091682, 26.19088], [76.887779, 26.093323], [76.806313, 25.952978], [76.755913, 25.94169], [76.745468, 25.909231], [76.646126, 25.908852], [76.626602, 25.870871], [76.592728, 25.874168], [76.529312, 25.797972], [76.530617, 25.733971], [76.482391, 25.71813], [76.564278, 25.442402], [76.602547, 25.388981], [76.766731, 25.336231], [76.770096, 25.312191], [76.893227, 25.322401], [76.941826, 25.27536], [77.07547, 25.339691], [77.205147, 25.31143], [77.220261, 25.373428], [77.282982, 25.42359], [77.361343, 25.41296], [77.336418, 25.325581], [77.371788, 25.320221], [77.349663, 25.27177], [77.417992, 25.193029], [77.390709, 25.18819], [77.398529, 25.113272], [77.302856, 25.08387], [77.26226, 25.119261], [77.169579, 25.11372], [77.114456, 25.06909], [76.993729, 25.07995], [76.854347, 25.010311], [76.891228, 24.91968], [76.948921, 24.872869], [76.801582, 24.819839], [76.847298, 24.750401], [76.951736, 24.765461], [77.026657, 24.71092], [77.064697, 24.56991], [76.965317, 24.460861], [76.91465, 24.487659], [76.912872, 24.54357], [76.81459, 24.53437], [76.851326, 24.469109], [76.840179, 24.33872], [76.944443, 24.206291], [76.89994, 24.131111], [76.801117, 24.12034], [76.754997, 24.172091], [76.701141, 24.17144], [76.67421, 24.19343], [76.692963, 24.285049], [76.58802, 24.249559], [76.579727, 24.180679], [76.531433, 24.163469], [76.469948, 24.2314], [76.414436, 24.20742], [76.326897, 24.253618], [76.282776, 24.215712], [76.215569, 24.216808], [76.185486, 24.331511], [76.121323, 24.19639], [76.134697, 24.095289], [75.960182, 24.02537], [75.975822, 23.93294], [75.777061, 23.85387], [75.702332, 23.904051], [75.729111, 23.85821], [75.71785, 23.819033], [75.687401, 23.81925], [75.684479, 23.760569], [75.651833, 23.801949], [75.582527, 23.80036], [75.560623, 23.859951], [75.456497, 23.92074], [75.514381, 24.048733], [75.583839, 23.99192], [75.669197, 24.033543], [75.700409, 23.969061], [75.762039, 23.997952], [75.779617, 24.06208], [75.833763, 24.07543], [75.835793, 24.111351], [75.743492, 24.139601], [75.773506, 24.220892], [75.826881, 24.24641], [75.811203, 24.30345], [75.737923, 24.347971], [75.726883, 24.405279], [75.79113, 24.475203], [75.847252, 24.41897], [75.908997, 24.456141], [75.891052, 24.509588], [75.925041, 24.5334], [75.917397, 24.57148], [75.828148, 24.61335], [75.838753, 24.72987], [75.759682, 24.764799], [75.613327, 24.688421], [75.581902, 24.7227], [75.451897, 24.693218], [75.216949, 24.72241], [75.185516, 24.768051], [75.251923, 24.83717], [75.208191, 24.91], [75.249947, 24.895691], [75.227386, 24.85915], [75.278938, 24.853491], [75.305733, 24.81333], [75.417099, 24.863901], [75.424217, 24.892752], [75.311302, 24.869459], [75.261452, 24.88966], [75.293083, 24.92318], [75.275902, 24.97673], [75.313873, 24.90044], [75.345589, 25.042801], [75.159126, 25.045471], [75.164398, 24.991661], [75.115707, 24.965391], [75.118866, 24.88904], [75.043388, 24.859228], [74.920082, 24.89185], [74.846352, 24.974291], [74.823608, 24.928501], [74.848892, 24.79266], [74.858566, 24.813061], [75.007057, 24.796061], [75.020233, 24.752768], [74.993431, 24.752729], [74.999893, 24.708488], [74.942856, 24.660391], [74.892853, 24.65535], [74.799316, 24.795641], [74.775276, 24.687731], [74.817108, 24.671671], [74.711937, 24.510941], [74.858131, 24.467333], [74.752808, 24.28266], [74.894287, 24.261681], [74.881126, 24.213503], [74.992989, 24.029701], [74.905678, 23.873911], [74.940567, 23.734871], [74.907623, 23.682831], [74.93972, 23.630371], [74.845421, 23.554171], [74.61338, 23.461361], [74.518303, 23.32873], [74.553467, 23.28252], [74.701149, 23.272142], [74.722153, 23.242512], [74.695007, 23.22308], [74.745796, 23.23271], [74.745697, 23.212111], [74.669159, 23.20149], [74.512283, 23.088831], [74.39119, 23.112], [74.322777, 23.062691], [74.246033, 23.188259], [74.207542, 23.192051], [74.182991, 23.15222], [74.127022, 23.17885], [74.133781, 23.269451], [74.044472, 23.296091], [73.971031, 23.377138], [73.894272, 23.337139], [73.83213, 23.446751], [73.783066, 23.43461], [73.764717, 23.458578], [73.726143, 23.412663], [73.704216, 23.455782], [73.632751, 23.452393], [73.660736, 23.622902], [73.577271, 23.655361], [73.513489, 23.616812], [73.508537, 23.703331], [73.420486, 23.779331], [73.362648, 23.78743], [73.362076, 23.86187], [73.424683, 23.931061], [73.373466, 24.128139], [73.245827, 24.01071], [73.198936, 24.05146], [73.223816, 24.098221], [73.114166, 24.13859], [73.082687, 24.18498], [73.144958, 24.307858], [73.180626, 24.301491], [73.231476, 24.36466], [73.169968, 24.35067], [73.084961, 24.39447], [73.10833, 24.426321], [73.094383, 24.494728], [73.000343, 24.470631], [72.96328, 24.383739], [72.991463, 24.363972], [72.923912, 24.326323], [72.868118, 24.36581], [72.732536, 24.361271], [72.69725, 24.457211], [72.544579, 24.506851], [72.500557, 24.450291], [72.507713, 24.409931], [72.464676, 24.40712], [72.44249, 24.50425], [72.386322, 24.500511], [72.357933, 24.552511], [72.29512, 24.538441], [72.250999, 24.58016], [72.353783, 24.618101], [72.165398, 24.6145], [72.0849, 24.652752], [72.085251, 24.697008], [72.05249, 24.70579], [71.944191, 24.62678], [71.876472, 24.675159], [71.858391, 24.60417], [71.811768, 24.62182], [71.798988, 24.670521], [71.66156, 24.633261], [71.616592, 24.670681], [71.488319, 24.673851], [71.383057, 24.621681], [71.351036, 24.653219], [71.297737, 24.607641], [71.119278, 24.66865], [70.945488, 24.934542], [70.89431, 25.144058], [70.674171, 25.38932], [70.665962, 25.697229], [70.399658, 25.663799], [70.279617, 25.70126], [70.096077, 25.944317], [70.082573, 26.073858], [70.172668, 26.245077], [70.16774, 26.550743], [70.066193, 26.599291], [69.815361, 26.592157], [69.51545, 26.740055], [69.483734, 26.806231], [69.513206, 27.016869], [69.586662, 27.177984], [70.016266, 27.555996], [70.156952, 27.834049], [70.366165, 28.008249], [70.56263, 28.019802], [70.672104, 27.914318], [70.678413, 27.839052], [70.757668, 27.717209], [70.884171, 27.6984], [71.272957, 27.841928], [71.658287, 27.868931], [71.897377, 27.95742], [71.933258, 28.12686], [72.184425, 28.358006], [72.301956, 28.664816], [72.384697, 28.763941], [72.941719, 29.027201], [73.271317, 29.556961], [73.391373, 29.93787], [73.787216, 30.066401], [73.966316, 30.195049], [73.966652, 30.121189], [73.898407, 30.05365], [73.889442, 29.97761]]]]}}, {"type": "Feature", "properties": {"name": "Sikkim"}, "geometry": {"type": "MultiPolygon", "coordinates": [[[[88.645256, 28.099121], [88.751083, 28.073313], [88.829056, 28.01516], [88.83625, 27.932001], [88.881386, 27.89253], [88.846611, 27.6689], [88.767067, 27.56496], [88.783386, 27.455551], [88.922371, 27.326321], [88.907272, 27.283541], [88.801102, 27.24758], [88.7882, 27.185835], [88.732536, 27.13735], [88.691498, 27.178699], [88.55899, 27.188751], [88.431946, 27.08161], [88.304497, 27.128601], [88.152313, 27.11171], [88.092667, 27.136278], [88.074951, 27.20084], [88.016968, 27.218872], [88.069214, 27.335581], [88.049416, 27.405216], [88.082619, 27.426414], [88.046333, 27.495766], [88.147255, 27.665403], [88.199921, 27.790529], [88.17572, 27.820215], [88.203926, 27.837315], [88.129982, 27.881516], [88.123909, 27.95092], [88.389801, 27.978081], [88.483116, 28.045588], [88.538948, 28.038891], [88.554451, 28.084831], [88.616463, 28.10368], [88.607468, 28.12755], [88.645256, 28.099121]]]]}}, {"type": "Feature", "properties": {"name": "Tamil Nadu"}, "geometry": {"type": "MultiPolygon", "coordinates": [[[[80.075821, 13.52676], [80.1521, 13.47888], [80.240906, 13.470151], [80.312126, 13.369381], [80.316254, 13.428473], [80.329033, 13.36653], [80.326248, 13.44264], [80.344856, 13.273191], [80.306252, 13.215141], [80.333748, 13.23514], [80.266808, 13.013194], [80.247917, 12.805152], [80.232643, 12.846251], [80.254028, 12.779031], [80.185417, 12.577639], [80.164856, 12.603749], [80.184586, 12.574583], [80.155983, 12.46681], [80.050697, 12.32597], [80.058197, 12.367362], [80.017082, 12.34042], [80.063187, 12.351251], [80.009308, 12.256527], [79.94458, 12.220141], [80.00708, 12.254583], [79.837639, 11.94055], [79.799728, 11.96429], [79.7369, 11.90717], [79.715706, 11.967451], [79.749649, 11.986131], [79.705849, 11.97737], [79.679039, 12.01926], [79.642342, 11.975811], [79.699051, 11.972059], [79.6782, 11.936532], [79.724899, 11.89151], [79.691536, 11.878401], [79.682861, 11.904709], [79.659073, 11.865669], [79.695732, 11.87338], [79.72776, 11.832339], [79.749809, 11.86053], [79.752136, 11.824451], [79.781761, 11.840271], [79.800697, 11.80764], [79.75708, 11.56375], [79.810692, 11.370971], [79.837906, 11.356811], [79.846542, 11.24403], [79.804581, 11.236252], [79.847641, 11.242921], [79.855141, 10.977641], [79.731903, 10.98704], [79.745537, 10.94334], [79.703651, 10.951861], [79.704231, 10.918871], [79.808983, 10.86744], [79.813339, 10.814081], [79.85125, 10.813771], [79.882919, 10.30236], [79.74292, 10.275138], [79.784859, 10.280695], [79.75708, 10.312083], [79.778473, 10.302362], [79.636528, 10.318191], [79.62986, 10.363195], [79.613472, 10.317361], [79.551247, 10.312359], [79.739029, 10.27736], [79.526527, 10.305416], [79.588753, 10.332638], [79.545143, 10.34792], [79.525696, 10.318471], [79.455971, 10.342083], [79.512367, 10.309031], [79.385696, 10.31681], [79.294861, 10.260695], [79.229027, 10.144311], [79.267365, 10.037916], [78.981529, 9.690421], [78.898178, 9.489032], [79.034302, 9.318471], [79.190697, 9.281809], [78.834862, 9.245142], [78.832642, 9.268761], [78.832359, 9.243196], [78.718475, 9.19014], [78.657913, 9.192362], [78.657356, 9.157641], [78.578186, 9.131251], [78.484016, 9.127919], [78.488747, 9.150138], [78.365417, 9.092082], [78.260971, 9.018751], [78.168747, 8.882082], [78.157364, 8.771528], [78.198471, 8.789032], [78.230133, 8.748751], [78.170692, 8.745141], [78.104858, 8.65153], [78.096527, 8.58125], [78.135971, 8.592081], [78.101807, 8.592361], [78.127357, 8.638472], [78.138748, 8.588751], [78.130417, 8.497079], [78.065407, 8.420421], [78.066803, 8.370416], [77.804031, 8.248196], [77.746246, 8.177082], [77.575691, 8.135695], [77.550972, 8.076526], [77.315971, 8.120972], [77.090698, 8.297361], [77.159653, 8.312501], [77.134819, 8.37853], [77.209518, 8.437719], [77.186493, 8.493371], [77.247543, 8.50138], [77.26516, 8.53745], [77.155319, 8.73756], [77.214676, 8.775761], [77.241501, 8.864782], [77.132179, 9.01185], [77.182083, 9.036501], [77.251778, 9.143041], [77.266823, 9.29088], [77.396233, 9.496542], [77.350548, 9.526292], [77.340897, 9.595051], [77.324783, 9.5632], [77.304306, 9.593041], [77.255013, 9.564991], [77.151871, 9.60602], [77.233986, 9.78852], [77.204437, 9.89432], [77.261421, 9.963721], [77.188141, 10.095652], [77.259781, 10.119081], [77.280449, 10.207252], [77.246529, 10.22061], [77.22216, 10.340301], [77.162956, 10.346281], [76.970787, 10.208651], [76.819672, 10.29524], [76.829727, 10.585062], [76.804993, 10.626341], [76.87262, 10.629432], [76.855507, 10.675272], [76.897507, 10.7708], [76.817558, 10.861801], [76.649162, 10.924152], [76.70652, 11.031351], [76.792473, 11.042373], [76.737099, 11.04751], [76.738716, 11.12129], [76.691177, 11.14451], [76.725578, 11.208891], [76.696968, 11.231331], [76.623039, 11.185671], [76.487648, 11.20279], [76.452721, 11.18021], [76.446388, 11.230461], [76.540169, 11.292348], [76.5382, 11.35159], [76.448387, 11.381419], [76.410393, 11.433591], [76.278061, 11.474531], [76.240097, 11.459641], [76.225746, 11.56444], [76.270973, 11.592909], [76.297897, 11.564331], [76.350113, 11.582742], [76.504211, 11.698041], [76.560066, 11.610121], [76.746269, 11.610541], [76.83728, 11.57448], [76.828476, 11.64411], [76.899689, 11.783272], [76.959602, 11.7652], [77.004433, 11.80302], [77.109299, 11.712801], [77.102829, 11.76312], [77.241737, 11.80246], [77.41925, 11.750671], [77.484398, 11.9324], [77.664711, 11.9397], [77.767006, 12.10914], [77.719513, 12.17152], [77.482483, 12.19012], [77.463501, 12.24404], [77.606339, 12.36026], [77.625206, 12.477262], [77.575363, 12.46838], [77.606369, 12.499791], [77.570053, 12.557932], [77.59034, 12.657541], [77.731407, 12.66398], [77.799492, 12.786859], [77.784882, 12.83381], [77.8256, 12.85899], [77.924286, 12.87784], [77.910477, 12.819711], [77.945557, 12.849331], [77.9814, 12.795641], [78.014923, 12.845921], [78.04673, 12.84237], [78.120667, 12.770012], [78.22065, 12.75259], [78.227226, 12.715172], [78.18985, 12.68131], [78.264427, 12.69184], [78.36834, 12.61184], [78.454781, 12.61202], [78.457657, 12.66225], [78.509811, 12.69878], [78.484352, 12.734781], [78.547676, 12.685591], [78.545547, 12.743911], [78.646713, 12.91902], [78.613663, 12.97889], [78.651108, 13.017932], [78.693756, 13.004392], [78.702446, 13.056151], [78.876038, 13.08616], [78.88192, 13.019762], [78.924637, 13.018641], [78.893463, 13.035092], [78.914383, 13.067761], [78.979591, 13.07651], [79.069069, 13.014151], [79.152702, 13.007293], [79.218323, 13.135551], [79.26741, 13.141201], [79.307938, 13.096911], [79.354576, 13.129771], [79.347771, 13.163019], [79.42379, 13.187461], [79.445503, 13.216771], [79.410843, 13.212162], [79.425026, 13.281341], [79.374603, 13.30304], [79.428879, 13.323562], [79.535782, 13.31107], [79.580261, 13.245371], [79.668533, 13.281931], [79.688751, 13.20741], [79.722832, 13.221851], [79.744377, 13.194911], [79.784897, 13.22348], [79.721291, 13.27224], [79.925507, 13.33594], [79.961861, 13.45128], [80.036041, 13.48448], [79.989677, 13.52676], [80.075821, 13.52676]]]]}}, {"type": "Feature", "properties": {"name": "Tripura"}, "geometry": {"type": "MultiPolygon", "coordinates": [[[[92.185196, 24.522873], [92.234268, 24.500441], [92.273087, 24.388451], [92.212852, 24.24931], [92.296608, 24.25173], [92.329453, 24.191151], [92.321983, 23.86981], [92.27475, 23.849058], [92.268501, 23.728611], [92.224052, 23.65732], [92.179451, 23.743181], [92.072571, 23.64472], [91.962112, 23.727701], [91.942307, 23.681808], [91.975166, 23.482443], [91.847359, 23.40023], [91.770912, 23.26376], [91.835503, 23.09391], [91.725578, 22.989321], [91.652138, 22.991951], [91.618713, 22.944151], [91.548889, 22.994762], [91.510933, 23.182039], [91.474243, 23.188837], [91.485977, 23.21224], [91.419006, 23.280222], [91.38884, 23.179461], [91.421997, 23.05925], [91.356285, 23.095186], [91.297256, 23.32098], [91.325607, 23.36231], [91.296669, 23.354471], [91.253777, 23.489719], [91.166573, 23.59874], [91.161278, 23.670601], [91.198891, 23.646971], [91.21006, 23.687551], [91.158287, 23.691221], [91.160431, 23.739429], [91.224617, 23.740101], [91.257607, 23.839651], [91.235222, 23.9286], [91.276268, 23.926241], [91.283676, 23.983103], [91.378197, 23.976879], [91.375427, 24.107531], [91.596199, 24.08021], [91.640312, 24.10836], [91.667526, 24.2304], [91.692398, 24.159328], [91.7612, 24.141582], [91.743469, 24.247128], [91.815559, 24.208952], [91.847488, 24.228321], [91.841751, 24.19772], [91.902626, 24.137838], [91.941856, 24.267578], [91.920433, 24.335751], [91.957108, 24.356251], [91.99543, 24.32126], [91.974091, 24.388639], [92.119209, 24.38381], [92.172798, 24.430891], [92.152397, 24.500271], [92.185196, 24.522873]]]]}}, {"type": "Feature", "properties": {"name": "Uttar Pradesh"}, "geometry": {"type": "MultiPolygon", "coordinates": [[[[77.584679, 30.408781], [77.634216, 30.410879], [77.710777, 30.33876], [77.93148, 30.24696], [77.838531, 30.11227], [77.786438, 30.09997], [77.702019, 29.87178], [77.792519, 29.681921], [77.951981, 29.70537], [77.976837, 29.614038], [77.947289, 29.590431], [77.983757, 29.588051], [77.988022, 29.54586], [78.03688, 29.552629], [78.04393, 29.593071], [78.139122, 29.6761], [78.2314, 29.70409], [78.331741, 29.796181], [78.412567, 29.772421], [78.487579, 29.741383], [78.527359, 29.624363], [78.605247, 29.561798], [78.785507, 29.47603], [78.922928, 29.456181], [78.870186, 29.392363], [78.808983, 29.382879], [78.788841, 29.329283], [78.757408, 29.34976], [78.71386, 29.31735], [78.799881, 29.257853], [78.852623, 29.261311], [78.900406, 29.15062], [78.962326, 29.166811], [79.017006, 29.117861], [79.026962, 29.17227], [79.130806, 29.12936], [79.158279, 29.022879], [79.204033, 29.0291], [79.298927, 28.953112], [79.359673, 28.97048], [79.401436, 28.932261], [79.411217, 28.855881], [79.536453, 28.89254], [79.550926, 28.845892], [79.613548, 28.868731], [79.666199, 28.84833], [79.774467, 28.89183], [79.808632, 28.862831], [79.783363, 28.80542], [79.85405, 28.84429], [79.875633, 28.81834], [79.84053, 28.808661], [79.901291, 28.80212], [79.922379, 28.73271], [79.967827, 28.71562], [80.033447, 28.761381], [80.058426, 28.83526], [80.119804, 28.82873], [80.263588, 28.748941], [80.373322, 28.629021], [80.45282, 28.628815], [80.519341, 28.551723], [80.505188, 28.665226], [80.570419, 28.687803], [80.591454, 28.647625], [80.669342, 28.641821], [80.691925, 28.587029], [80.76963, 28.565517], [80.790756, 28.52426], [80.910309, 28.49754], [80.917389, 28.457523], [81.019173, 28.451559], [81.034119, 28.398716], [81.212418, 28.360516], [81.234535, 28.288885], [81.322411, 28.197168], [81.319786, 28.133419], [81.373116, 28.142216], [81.376938, 28.176893], [81.445709, 28.16214], [81.480225, 28.082516], [81.704002, 27.986521], [81.886848, 27.857159], [81.928017, 27.859646], [81.970116, 27.928816], [82.069717, 27.923416], [82.450714, 27.678616], [82.709915, 27.721699], [82.757881, 27.586615], [82.737007, 27.503101], [82.931618, 27.500866], [83.036118, 27.448715], [83.190216, 27.454016], [83.319603, 27.329988], [83.41169, 27.412506], [83.39093, 27.47949], [83.616737, 27.469423], [83.833221, 27.369509], [83.858505, 27.350962], [83.830589, 27.32136], [83.916687, 27.325331], [83.897957, 27.25943], [83.985123, 27.181763], [83.939423, 27.092993], [84.020721, 27.095482], [83.990761, 27.06859], [84.040817, 27.04468], [84.024902, 26.94272], [84.052002, 26.891701], [84.140839, 26.887581], [84.131653, 26.85569], [84.168922, 26.834518], [84.241096, 26.862431], [84.233986, 26.739531], [84.298027, 26.753271], [84.325661, 26.684258], [84.402237, 26.671223], [84.414398, 26.627171], [84.272217, 26.599361], [84.081779, 26.64286], [84.04776, 26.543489], [83.902206, 26.51808], [83.902283, 26.450251], [84.010986, 26.44846], [84.072006, 26.38447], [84.171356, 26.37398], [84.159348, 26.245901], [84.112953, 26.261921], [84.079369, 26.22121], [84.01152, 26.240683], [84.003021, 26.17823], [84.049057, 26.099701], [84.167267, 26.025471], [84.166229, 25.991501], [84.201813, 26.000561], [84.296333, 25.946989], [84.351387, 25.959341], [84.423317, 25.892422], [84.528641, 25.877741], [84.526978, 25.83433], [84.620216, 25.79409], [84.600533, 25.76063], [84.6306, 25.72834], [84.555626, 25.736408], [84.55233, 25.684031], [84.535866, 25.72649], [84.52459, 25.684351], [84.488388, 25.677851], [84.448776, 25.714491], [84.401878, 25.699501], [84.380013, 25.74869], [84.331291, 25.744572], [84.318588, 25.67194], [84.285576, 25.66153], [84.202911, 25.66964], [84.148232, 25.730961], [84.094391, 25.720381], [84.076508, 25.637531], [83.917053, 25.558491], [83.85112, 25.473721], [83.810226, 25.465919], [83.838371, 25.43689], [83.761932, 25.387911], [83.69458, 25.396099], [83.642502, 25.34112], [83.534653, 25.315201], [83.335861, 25.183571], [83.357361, 25.124191], [83.316071, 25.02734], [83.343872, 25.010483], [83.353996, 24.870611], [83.390388, 24.83308], [83.386803, 24.78422], [83.479843, 24.737831], [83.513702, 24.68115], [83.49752, 24.651661], [83.541718, 24.624559], [83.498169, 24.52706], [83.393013, 24.50119], [83.400139, 24.40868], [83.451393, 24.36475], [83.375938, 24.314541], [83.401886, 24.266001], [83.349007, 24.126438], [83.216026, 23.989403], [83.189568, 23.921101], [83.086601, 23.878172], [82.93882, 23.87587], [82.800468, 23.967482], [82.797272, 24.00514], [82.745888, 24.013111], [82.766258, 24.077868], [82.708397, 24.080761], [82.663528, 24.12393], [82.670853, 24.15847], [82.720367, 24.13899], [82.764137, 24.292431], [82.760582, 24.373041], [82.707161, 24.38518], [82.736549, 24.499771], [82.712532, 24.556219], [82.800766, 24.552681], [82.762787, 24.64567], [82.695183, 24.644253], [82.657928, 24.700397], [82.529266, 24.65196], [82.432312, 24.706282], [82.401596, 24.6838], [82.409172, 24.59783], [82.29393, 24.613741], [82.296417, 24.670012], [82.229927, 24.66964], [82.24366, 24.775751], [82.199486, 24.752069], [82.213753, 24.728661], [82.172882, 24.739571], [82.209473, 24.78149], [82.179008, 24.804651], [82.195969, 24.82453], [82.11219, 24.792261], [82.00489, 24.850691], [81.959152, 24.83061], [81.896446, 24.892509], [81.898468, 25.009621], [81.789223, 25.010139], [81.681892, 25.043772], [81.658691, 25.079731], [81.604347, 25.060749], [81.63195, 25.10327], [81.616753, 25.12262], [81.601227, 25.10021], [81.592117, 25.136381], [81.618988, 25.159651], [81.566399, 25.195749], [81.509567, 25.187031], [81.524651, 25.143641], [81.472878, 25.137121], [81.507576, 25.10681], [81.483727, 25.07494], [81.400848, 25.107771], [81.438339, 25.110441], [81.430222, 25.133631], [81.39122, 25.123131], [81.329956, 25.172491], [81.314667, 25.116291], [81.306389, 25.165993], [81.269119, 25.16774], [81.261589, 25.06846], [81.201698, 24.995729], [81.212608, 24.934521], [81.16143, 24.958511], [81.132446, 24.892071], [81.076416, 24.952261], [80.955231, 24.925711], [80.936821, 24.9725], [80.900047, 24.939581], [80.8022, 24.94446], [80.789993, 24.971783], [80.848183, 24.99814], [80.826683, 25.03919], [80.904922, 25.160311], [80.878036, 25.195601], [80.836281, 25.19268], [80.827698, 25.11031], [80.799576, 25.146418], [80.699638, 25.13715], [80.77594, 25.061691], [80.673569, 25.054171], [80.67926, 25.08182], [80.601357, 25.104408], [80.632393, 25.123281], [80.594589, 25.155241], [80.606781, 25.07218], [80.476128, 25.102251], [80.494209, 25.045321], [80.440712, 25.082069], [80.365761, 25.05776], [80.382187, 25.009741], [80.278496, 25.021648], [80.351288, 25.144901], [80.423698, 25.174143], [80.399063, 25.24297], [80.304047, 25.288893], [80.310753, 25.387318], [80.255867, 25.428711], [80.245186, 25.40489], [80.193916, 25.416231], [80.123299, 25.33843], [80.020737, 25.343161], [79.996727, 25.26865], [79.847137, 25.2402], [79.855896, 25.098501], [79.745636, 25.143883], [79.597878, 25.131432], [79.565521, 25.177551], [79.489876, 25.08275], [79.460533, 25.096331], [79.468376, 25.134451], [79.399147, 25.113461], [79.383873, 25.17028], [79.442703, 25.212561], [79.45919, 25.269451], [79.490402, 25.27035], [79.415306, 25.25922], [79.367416, 25.294321], [79.352966, 25.265381], [79.345886, 25.33304], [79.294731, 25.340219], [79.259453, 25.271441], [79.340088, 25.27276], [79.346962, 25.214241], [79.273598, 25.248119], [79.303223, 25.133329], [79.260071, 25.122101], [79.23584, 25.160961], [79.213913, 25.14838], [79.23838, 25.116369], [79.184853, 25.151133], [79.179306, 25.117693], [79.129173, 25.110769], [79.084297, 25.19253], [79.021767, 25.14319], [79.056442, 25.22571], [79.004967, 25.27697], [78.971169, 25.244921], [78.995811, 25.195938], [78.948341, 25.220181], [78.871841, 25.166], [78.875877, 25.25577], [78.970047, 25.28521], [78.952858, 25.349871], [78.876518, 25.34446], [78.841751, 25.22916], [78.811676, 25.299841], [78.783249, 25.297611], [78.874748, 25.387659], [78.949356, 25.40016], [78.892456, 25.375298], [78.928627, 25.351801], [78.978508, 25.376013], [78.960129, 25.43889], [78.903229, 25.446938], [78.935638, 25.480021], [78.93074, 25.559721], [78.874359, 25.557013], [78.876007, 25.524321], [78.828323, 25.509981], [78.85717, 25.46714], [78.834267, 25.432461], [78.829857, 25.465691], [78.73175, 25.50065], [78.755066, 25.433851], [78.812912, 25.430428], [78.743141, 25.412701], [78.764381, 25.3584], [78.65789, 25.38798], [78.656517, 25.42013], [78.701401, 25.42886], [78.652718, 25.444], [78.628586, 25.406462], [78.561127, 25.395693], [78.576218, 25.351931], [78.525146, 25.363012], [78.525078, 25.30653], [78.492172, 25.32383], [78.427361, 25.288671], [78.568581, 25.25861], [78.597168, 25.097872], [78.64193, 25.061491], [78.622047, 24.964901], [78.668396, 24.902399], [78.764481, 24.861368], [78.78054, 24.814972], [78.749466, 24.60498], [78.881721, 24.6397], [78.966393, 24.496948], [78.913811, 24.500841], [78.908592, 24.46677], [78.984383, 24.44136], [78.966873, 24.353661], [78.87886, 24.223051], [78.791687, 24.180241], [78.760277, 24.25849], [78.669121, 24.24502], [78.578438, 24.35708], [78.505371, 24.39395], [78.406952, 24.27701], [78.342438, 24.305382], [78.325432, 24.33437], [78.360947, 24.38579], [78.266876, 24.447371], [78.216537, 24.531643], [78.258888, 24.558189], [78.268478, 24.667101], [78.163803, 24.8571], [78.327538, 24.999559], [78.327766, 25.08877], [78.442917, 25.128771], [78.418297, 25.1535], [78.446457, 25.169022], [78.385361, 25.19516], [78.397758, 25.217751], [78.308029, 25.310989], [78.331291, 25.33672], [78.295517, 25.3748], [78.347588, 25.45484], [78.420723, 25.477619], [78.429337, 25.56386], [78.581192, 25.564308], [78.608627, 25.589081], [78.648621, 25.565639], [78.805191, 25.624557], [78.811333, 25.67448], [78.746819, 25.74909], [78.820503, 25.7994], [78.811249, 25.83012], [78.861923, 25.799198], [78.846626, 25.8605], [78.882683, 25.87027], [78.876381, 25.915661], [78.929527, 25.94936], [78.944328, 26.036951], [79.003151, 26.081793], [78.942673, 26.139141], [79.000717, 26.15498], [78.977379, 26.195499], [79.014946, 26.19747], [79.017143, 26.232168], [79.062668, 26.246931], [79.037033, 26.266991], [79.126587, 26.316031], [79.133743, 26.344971], [79.076759, 26.36602], [79.126762, 26.444811], [79.048462, 26.456051], [79.060936, 26.5033], [78.979622, 26.57408], [79.005661, 26.61047], [78.993179, 26.68457], [78.937912, 26.662691], [78.948143, 26.696741], [78.864929, 26.70467], [78.811386, 26.765471], [78.715347, 26.800213], [78.565849, 26.75769], [78.38974, 26.8249], [78.351357, 26.874371], [78.282066, 26.864088], [78.260887, 26.82095], [78.209793, 26.83609], [78.191139, 26.888611], [78.22657, 26.882629], [78.262238, 26.923512], [78.215897, 26.953951], [78.111343, 26.953232], [78.101471, 26.904989], [78.042236, 26.915421], [78.022026, 26.86087], [78.00666, 26.910662], [77.89994, 26.924549], [77.890106, 26.88946], [77.75338, 26.937738], [77.715843, 26.88133], [77.604507, 26.832802], [77.520691, 26.822008], [77.497978, 26.84795], [77.480362, 26.75388], [77.428596, 26.770111], [77.42247, 26.86702], [77.736343, 26.98822], [77.755013, 27.02276], [77.726486, 27.03154], [77.713921, 26.997961], [77.678169, 27.050529], [77.627403, 27.015501], [77.557396, 27.0369], [77.565681, 27.078011], [77.514297, 27.070421], [77.502319, 27.09922], [77.590782, 27.123081], [77.605118, 27.16848], [77.672997, 27.200361], [77.591667, 27.300558], [77.614113, 27.34339], [77.574547, 27.326731], [77.431892, 27.399158], [77.429596, 27.462049], [77.335136, 27.530022], [77.350113, 27.593401], [77.311211, 27.611691], [77.336548, 27.69618], [77.297607, 27.718681], [77.304146, 27.78801], [77.27578, 27.806549], [77.339333, 27.859591], [77.412392, 27.859072], [77.412292, 27.896158], [77.458488, 27.8853], [77.477661, 27.94021], [77.536133, 27.949303], [77.468872, 28.086012], [77.496368, 28.15987], [77.542366, 28.18166], [77.492119, 28.185101], [77.48912, 28.21199], [77.519119, 28.20178], [77.541206, 28.247742], [77.4673, 28.26972], [77.495789, 28.307041], [77.463753, 28.338011], [77.49424, 28.358261], [77.474556, 28.413511], [77.295189, 28.561201], [77.336182, 28.60887], [77.311211, 28.644642], [77.323486, 28.715872], [77.284897, 28.71246], [77.194443, 28.802292], [77.217323, 28.835279], [77.17804, 28.885563], [77.221191, 28.904133], [77.19014, 28.955662], [77.214188, 29.00596], [77.122047, 29.105768], [77.153946, 29.33548], [77.117523, 29.357151], [77.146797, 29.389771], [77.085617, 29.6008], [77.131302, 29.662991], [77.117043, 29.770901], [77.152382, 29.79328], [77.189133, 29.922043], [77.270409, 30.04834], [77.414429, 30.10713], [77.423546, 30.16848], [77.473267, 30.188591], [77.570351, 30.31123], [77.592018, 30.370861], [77.563057, 30.40449], [77.584679, 30.408781]]]]}}, {"type": "Feature", "properties": {"name": "Uttarakhand"}, "geometry": {"type": "MultiPolygon", "coordinates": [[[[79.194778, 31.353622], [79.248093, 31.296619], [79.233887, 31.25404], [79.27282, 31.23074], [79.284897, 31.170101], [79.381851, 31.118351], [79.413086, 31.037552], [79.501259, 31.039141], [79.53112, 30.9741], [79.587242, 30.94309], [79.742149, 31.00679], [79.854927, 30.97891], [79.915047, 30.89222], [80.044113, 30.844], [80.103149, 30.779671], [80.157272, 30.812752], [80.223839, 30.764099], [80.219772, 30.69725], [80.180496, 30.669861], [80.215736, 30.579041], [80.400551, 30.53117], [80.526489, 30.454309], [80.58419, 30.487223], [80.811287, 30.319981], [81.019608, 30.252953], [80.911919, 30.223215], [80.864571, 30.168896], [80.879219, 30.128515], [80.762932, 30.049492], [80.749397, 30.00663], [80.677917, 29.958115], [80.605339, 29.958717], [80.497215, 29.797415], [80.437714, 29.805716], [80.36972, 29.750616], [80.421921, 29.639114], [80.409492, 29.594919], [80.344353, 29.552864], [80.351326, 29.518946], [80.288437, 29.477221], [80.304222, 29.453079], [80.24482, 29.444506], [80.318138, 29.315639], [80.299004, 29.20503], [80.249916, 29.220615], [80.273407, 29.142023], [80.235016, 29.118416], [80.18602, 29.137316], [80.146027, 29.103001], [80.137321, 29.007311], [80.060143, 28.916317], [80.07238, 28.829744], [79.988258, 28.717018], [79.922379, 28.73271], [79.901291, 28.80212], [79.84053, 28.808661], [79.875633, 28.81834], [79.85405, 28.84429], [79.783363, 28.80542], [79.808632, 28.862831], [79.774467, 28.89183], [79.666199, 28.84833], [79.613548, 28.868731], [79.550926, 28.845892], [79.536453, 28.89254], [79.411217, 28.855881], [79.401436, 28.932261], [79.359673, 28.97048], [79.298927, 28.953112], [79.204033, 29.0291], [79.158279, 29.022879], [79.130806, 29.12936], [79.026962, 29.17227], [79.017006, 29.117861], [78.962326, 29.166811], [78.900406, 29.15062], [78.852623, 29.261311], [78.799881, 29.257853], [78.71386, 29.31735], [78.757408, 29.34976], [78.788841, 29.329283], [78.808983, 29.382879], [78.870186, 29.392363], [78.922928, 29.456181], [78.785507, 29.47603], [78.605247, 29.561798], [78.527359, 29.624363], [78.473579, 29.74847], [78.331741, 29.796181], [78.2314, 29.70409], [78.139122, 29.6761], [78.04393, 29.593071], [78.03688, 29.552629], [77.988022, 29.54586], [77.983757, 29.588051], [77.947289, 29.590431], [77.976837, 29.614038], [77.951981, 29.70537], [77.792519, 29.681921], [77.702019, 29.87178], [77.786438, 30.09997], [77.838531, 30.11227], [77.93148, 30.24696], [77.710777, 30.33876], [77.634216, 30.410879], [77.562881, 30.41708], [77.810646, 30.53318], [77.729523, 30.598383], [77.78199, 30.619358], [77.779053, 30.663771], [77.733406, 30.685829], [77.688286, 30.768669], [77.744408, 30.829851], [77.744522, 30.881191], [77.789368, 30.858549], [77.795616, 30.9238], [77.745598, 30.92231], [77.734573, 30.95957], [77.817146, 30.953569], [77.800606, 31.06208], [77.887489, 31.154701], [77.954758, 31.17878], [78.014236, 31.15494], [78.029953, 31.18531], [78.356323, 31.290871], [78.470108, 31.203751], [78.595367, 31.236391], [78.647697, 31.19467], [78.795036, 31.20504], [78.862251, 31.11241], [78.942116, 31.105028], [78.996696, 31.11759], [78.909912, 31.233889], [78.923103, 31.32539], [78.991608, 31.364031], [79.045197, 31.468121], [79.12886, 31.43873], [79.194778, 31.353622]]]]}}, {"type": "Feature", "properties": {"name": "West Bengal"}, "geometry": {"type": "MultiPolygon", "coordinates": [[[[88.136948, 21.875], [88.170662, 21.742401], [88.154724, 21.65], [88.109169, 21.625834], [88.036667, 21.675001], [88.136948, 21.875]]], [[[88.126907, 27.123081], [88.304497, 27.128601], [88.431946, 27.08161], [88.52993, 27.15015], [88.520752, 27.178181], [88.591476, 27.19446], [88.800049, 27.13682], [88.869919, 27.108721], [88.874985, 26.951546], [88.919006, 26.996201], [88.962379, 26.924131], [89.024918, 26.940271], [89.09034, 26.89397], [89.131073, 26.808069], [89.255592, 26.81687], [89.377167, 26.866291], [89.459282, 26.806259], [89.558884, 26.815554], [89.644737, 26.780945], [89.613441, 26.728121], [89.632179, 26.71925], [89.75666, 26.736464], [89.774399, 26.699558], [89.856941, 26.703781], [89.869499, 26.44842], [89.827278, 26.396473], [89.857292, 26.38446], [89.782013, 26.353279], [89.758659, 26.28933], [89.715683, 26.301981], [89.737457, 26.271101], [89.704811, 26.269901], [89.728767, 26.238201], [89.697227, 26.21723], [89.732033, 26.21229], [89.694839, 26.189072], [89.733757, 26.17337], [89.687073, 26.159033], [89.689346, 26.228281], [89.637581, 26.227678], [89.653038, 26.189939], [89.629837, 26.18619], [89.660622, 26.175631], [89.594696, 26.15704], [89.632988, 26.1189], [89.596657, 26.100891], [89.632668, 26.10697], [89.652351, 26.062231], [89.60836, 26.06361], [89.59066, 25.975651], [89.554497, 25.964621], [89.552292, 26.00086], [89.467346, 25.998001], [89.429543, 26.045618], [89.398407, 26.00688], [89.352448, 26.010509], [89.261566, 26.063921], [89.272202, 26.09164], [89.230171, 26.122641], [89.167236, 26.133841], [89.108429, 26.282343], [89.112518, 26.31699], [89.130501, 26.2885], [89.144447, 26.32078], [89.091141, 26.32188], [89.093536, 26.399233], [89.041039, 26.397921], [88.96434, 26.463133], [88.91127, 26.412069], [88.919891, 26.36994], [88.963623, 26.365803], [88.963799, 26.33267], [88.991432, 26.352211], [88.99189, 26.304779], [89.065163, 26.29394], [89.069702, 26.255333], [88.970436, 26.241558], [88.934853, 26.2883], [88.888351, 26.291571], [88.885109, 26.23885], [88.846786, 26.23427], [88.821587, 26.300713], [88.761581, 26.300591], [88.749191, 26.353241], [88.704369, 26.33436], [88.681816, 26.38031], [88.702682, 26.38846], [88.62455, 26.435431], [88.620697, 26.471069], [88.557121, 26.45685], [88.561058, 26.48892], [88.526657, 26.481741], [88.486061, 26.541311], [88.43541, 26.54682], [88.415352, 26.634123], [88.377541, 26.59351], [88.334366, 26.47868], [88.355911, 26.44581], [88.367607, 26.487053], [88.483246, 26.461109], [88.524826, 26.359838], [88.457893, 26.373751], [88.351753, 26.281582], [88.352516, 26.21999], [88.180443, 26.145693], [88.160957, 26.077982], [88.187111, 26.024061], [88.143997, 26.01182], [88.086761, 25.9125], [88.117142, 25.796659], [88.151703, 25.773771], [88.269928, 25.80814], [88.407143, 25.669319], [88.456726, 25.6605], [88.446396, 25.596981], [88.500046, 25.581263], [88.542923, 25.50662], [88.609428, 25.513161], [88.698883, 25.469971], [88.711121, 25.497042], [88.769096, 25.4923], [88.762856, 25.52132], [88.810387, 25.519751], [88.843658, 25.36241], [88.925606, 25.30356], [89.011253, 25.292381], [88.956642, 25.25927], [88.923027, 25.16713], [88.84491, 25.211201], [88.803787, 25.172291], [88.709229, 25.2096], [88.565811, 25.177691], [88.499718, 25.211679], [88.445847, 25.196289], [88.453812, 25.035601], [88.401497, 24.94569], [88.341728, 24.939011], [88.32515, 24.865891], [88.277428, 24.895733], [88.263817, 24.87546], [88.227966, 24.959431], [88.139687, 24.936129], [88.175606, 24.860983], [88.070587, 24.769421], [88.010567, 24.66666], [88.14785, 24.50563], [88.333008, 24.38319], [88.44838, 24.377041], [88.528709, 24.344181], [88.555, 24.29649], [88.586258, 24.325941], [88.702507, 24.310659], [88.734688, 24.27524], [88.694687, 24.1134], [88.737633, 24.059429], [88.727188, 23.994501], [88.758743, 24.008183], [88.770988, 23.984781], [88.734962, 23.97817], [88.731537, 23.912983], [88.575981, 23.859751], [88.60173, 23.816851], [88.55928, 23.78413], [88.561676, 23.642071], [88.592422, 23.636572], [88.580856, 23.60074], [88.64492, 23.608061], [88.659187, 23.55266], [88.74292, 23.48078], [88.798508, 23.49489], [88.762306, 23.36175], [88.733559, 23.3463], [88.746078, 23.309801], [88.697403, 23.29648], [88.72036, 23.252663], [88.796707, 23.21557], [88.817879, 23.25099], [88.919159, 23.208311], [88.994698, 23.21236], [88.869568, 23.09536], [88.873413, 23.004341], [88.846733, 23.002432], [88.913879, 22.918619], [88.909332, 22.877401], [88.967529, 22.842628], [88.919189, 22.761711], [88.947281, 22.659851], [88.864853, 22.664869], [88.847977, 22.70903], [88.809593, 22.71067], [88.809082, 22.751137], [88.847305, 22.751741], [88.805771, 22.7332], [88.863785, 22.663748], [88.910278, 22.675001], [88.95771, 22.610781], [88.842812, 22.507874], [88.852448, 22.432833], [88.771667, 22.51338], [88.766388, 22.560835], [88.768883, 22.513592], [88.690666, 22.524412], [88.677406, 22.593498], [88.689255, 22.52405], [88.777992, 22.506502], [88.876289, 22.35531], [88.818886, 22.363611], [88.804428, 22.28273], [88.733612, 22.195555], [88.63504, 22.2164], [88.684921, 22.294275], [88.666122, 22.339041], [88.679169, 22.293892], [88.630913, 22.22205], [88.672462, 22.201199], [88.619286, 22.108841], [88.572746, 22.1891], [88.636658, 22.04529], [88.603401, 22.02356], [88.596581, 22.067266], [88.606667, 21.913057], [88.578331, 21.889444], [88.586388, 21.928051], [88.550278, 21.921391], [88.54361, 21.970001], [88.56778, 21.958891], [88.546249, 21.97349], [88.570541, 21.903608], [88.540558, 21.90387], [88.528053, 21.853056], [88.494263, 21.879091], [88.525536, 21.929441], [88.493698, 21.967052], [88.54332, 21.981995], [88.554619, 22.035709], [88.54142, 21.98171], [88.49157, 21.96689], [88.52066, 21.915396], [88.473557, 21.895342], [88.460892, 22.01158], [88.458481, 21.91884], [88.408669, 21.88533], [88.375816, 21.969721], [88.406364, 21.919785], [88.382797, 21.900681], [88.390671, 21.798981], [88.354881, 21.8228], [88.356453, 21.924311], [88.35318, 21.856924], [88.261978, 21.85869], [88.266388, 21.883612], [88.258904, 21.858807], [88.313828, 21.846607], [88.258972, 21.807621], [88.281937, 21.761101], [88.251663, 21.801943], [88.272003, 21.73048], [88.272781, 21.755751], [88.217224, 21.764444], [88.16333, 21.879444], [88.153664, 21.959173], [88.223892, 22.075275], [88.203056, 22.166941], [88.069725, 22.211945], [88.105003, 22.304699], [88.049156, 22.220001], [87.984863, 22.245701], [87.946388, 22.406111], [87.883766, 22.441589], [87.942223, 22.366388], [87.940002, 22.260279], [88.008614, 22.201389], [88.135559, 22.184723], [88.188889, 22.099167], [88.062233, 22.01306], [87.963356, 22.103477], [88.053055, 22.010279], [87.929169, 21.800556], [87.789719, 21.695], [87.482033, 21.608704], [87.443672, 21.760889], [87.370117, 21.760073], [87.262421, 21.81386], [87.234848, 21.95438], [87.167442, 21.97341], [87.158287, 21.93055], [87.093536, 21.9079], [87.094643, 21.86034], [87.030243, 21.865311], [86.997932, 21.907501], [87.034317, 21.989191], [87.017616, 22.041281], [86.957237, 22.083368], [86.832008, 22.09511], [86.790321, 22.15394], [86.715446, 22.143492], [86.722786, 22.215248], [86.800117, 22.213631], [86.790268, 22.2628], [86.799606, 22.240973], [86.811867, 22.263931], [86.885681, 22.252121], [86.88623, 22.294121], [86.829193, 22.324591], [86.843933, 22.396061], [86.76226, 22.425232], [86.745407, 22.475679], [86.798607, 22.498821], [86.759941, 22.57243], [86.651703, 22.57579], [86.617867, 22.673389], [86.539253, 22.72065], [86.506592, 22.701521], [86.416153, 22.776508], [86.463043, 22.896631], [86.432823, 22.923403], [86.518356, 22.94433], [86.540283, 22.98723], [86.512238, 22.966261], [86.298256, 23.013283], [86.206429, 22.99407], [86.136566, 23.083101], [86.047966, 23.108681], [86.036926, 23.14361], [85.914993, 23.12953], [85.832413, 23.19264], [85.826363, 23.263121], [85.877983, 23.323709], [85.866257, 23.364849], [85.895691, 23.37059], [85.862877, 23.409971], [85.866028, 23.47023], [85.943909, 23.45462], [86.047226, 23.493643], [86.010773, 23.551649], [86.037376, 23.58346], [86.144768, 23.567772], [86.145531, 23.47307], [86.238747, 23.46969], [86.243179, 23.41958], [86.278473, 23.44112], [86.300003, 23.420061], [86.371948, 23.48266], [86.357971, 23.54306], [86.43988, 23.62961], [86.528656, 23.628981], [86.693848, 23.694521], [86.792038, 23.68737], [86.819771, 23.76107], [86.792839, 23.831381], [86.82077, 23.81131], [86.871216, 23.844181], [86.882263, 23.81448], [86.895012, 23.879951], [87.124161, 23.795038], [87.166443, 23.81959], [87.130928, 23.866961], [87.236237, 23.853069], [87.218559, 23.830801], [87.242729, 23.82616], [87.248222, 23.907011], [87.270416, 23.87294], [87.294548, 23.898571], [87.237976, 24.04122], [87.332359, 24.03101], [87.327873, 23.995991], [87.45797, 23.981421], [87.43383, 24.008322], [87.510551, 24.039831], [87.493599, 24.11521], [87.576157, 24.08526], [87.607613, 24.128942], [87.569382, 24.155651], [87.692482, 24.15447], [87.635712, 24.242531], [87.756279, 24.303593], [87.81002, 24.40662], [87.784752, 24.414541], [87.822876, 24.49441], [87.795151, 24.491051], [87.806343, 24.5452], [87.769409, 24.58176], [87.848213, 24.55105], [87.909973, 24.593868], [87.872742, 24.61072], [87.901611, 24.612581], [87.913406, 24.65856], [87.88662, 24.674103], [87.900833, 24.7216], [87.818062, 24.765982], [87.837532, 24.787802], [87.854538, 24.764311], [87.888977, 24.85294], [87.973343, 24.896482], [87.876976, 25.02804], [87.772667, 25.099098], [87.787582, 25.22049], [87.836647, 25.199261], [87.822777, 25.234341], [87.856522, 25.277773], [87.783981, 25.33243], [87.75975, 25.410089], [87.92411, 25.535648], [88.02755, 25.486141], [88.070412, 25.480501], [88.072853, 25.503901], [88.021027, 25.586922], [88.054298, 25.63286], [88.04863, 25.690571], [87.898468, 25.76976], [87.910507, 25.81481], [87.8834, 25.828609], [87.910912, 25.851749], [87.822838, 25.871468], [87.803581, 25.920721], [87.829933, 25.935452], [87.842117, 26.044481], [87.912933, 26.090973], [87.968132, 26.081362], [87.964058, 26.151979], [88.013069, 26.140871], [88.069832, 26.175718], [88.291916, 26.35391], [88.23761, 26.375378], [88.267906, 26.421753], [88.179039, 26.49058], [88.231201, 26.551983], [88.145393, 26.510971], [88.105049, 26.535849], [88.16304, 26.636293], [88.190498, 26.771412], [88.123016, 26.950115], [88.137482, 26.985268], [88.04026, 27.036318], [87.994171, 27.105207], [88.016968, 27.218872], [88.074951, 27.20084], [88.085846, 27.14151], [88.126907, 27.123081]]]]}}]}